Player,Team,G,AB,R,H,2B,3B,HR,RBI,BB,SO,SB,CS,AVG,OBP,SLG,OPS
VinnyVCapraCapraSS,MIL,3,7,2,3,0,0,2,6,0,2.0,1,0,0.429,0.429,1.286,1.715
EllyEDeLaCruzDeLaCruzSS,CIN,258,1006,172,251,51,17,38,120,104,362.0,102,24,0.25,.324,0.447,.771
MattMGorskiGorskiLF,PIT,2,5,2,2,0,0,2,6,0,1.0,0,0,0.4,0.4,1.6,2.0
TrevorTHauverHauverX,TEX,4,6,2,3,1,0,2,4,0,0.0,0,0,0.5,0.5,1.667,2.167
AustinAHaysHaysLF,CIN,579,2028,277,530,126,8,68,248,126,475.0,17,13,0.261,.313,0.432,.745
SandySLenLenC,ATL,557,1549,158,322,62,2,31,149,133,455.0,1,1,0.208,.276,0.311,.587
CamCSmithSmithB,HOU,2,2,3,2,0,0,2,3,2,0.0,0,0,1.0,1.0,4.0,5.0
MichaelMTogliaTogliaB,COL,192,651,90,134,27,5,31,76,73,241.0,12,3,0.206,.287,0.406,.693
HoganHWindishWindishB,SEA,3,5,4,3,0,0,2,4,0,2.0,0,0,0.6,0.667,1.8,2.467
MiguelMAmayaAmayaC,CHC,170,459,49,104,17,2,13,65,35,102.0,0,0,0.227,.300,0.357,.657
GabrielGAriasAriasB,CLE,191,515,60,109,25,2,14,46,42,182.0,9,6,0.212,.274,0.35,.624
ChristianCArroyoArroyoB,PHI,295,917,106,231,54,2,24,120,51,215.0,8,6,0.252,.299,0.394,.693
JosJAzocarAzocarCF,NYM,2,5,2,2,0,0,1,1,0,1.0,0,0,0.4,0.4,1.0,1.4
HarrisonHBaderBaderLF,MIN,2,5,1,3,0,0,1,1,0,0.0,0,0,0.6,0.6,1.2,1.8
PatrickPBaileyBaileyC,SF,218,727,75,170,34,2,15,94,60,200.0,5,0,0.234,.292,0.348,.640
LukenLBakerBakerDH,STL,2,4,1,2,0,0,1,4,1,1.0,0,0,0.5,0.5,1.25,1.75
WillWBanfieldBanfieldC,CIN,2,3,1,1,0,0,1,3,0,1.0,0,0,0.333,0.333,1.333,1.666
JoseJBarreroBarreroSS,STL,139,415,36,77,15,1,4,32,28,163.0,9,4,0.186,.242,0.255,.497
BrettBBatyBatyB,NYM,169,544,60,117,15,0,15,55,47,159.0,2,0,0.215,.282,0.325,.607
JakeJBauersBauersB,MIL,529,1521,194,317,69,5,51,183,195,510.0,31,13,0.208,.302,0.361,.663
TravisTBazzanaBazzanaB,CLE,2,3,1,1,0,0,1,4,3,2.0,0,0,0.333,0.667,1.333,2.0
JaxJBiggersBiggersB,TEX,3,3,1,1,0,0,1,1,0,0.0,0,0,0.333,0.333,1.333,1.666
CavanCBiggioBiggioB,KC,524,1558,258,351,78,4,51,186,251,507.0,32,3,0.225,.341,0.379,.720
EnriqueEBradfieldJrBradfieldX,BAL,2,4,2,1,0,0,1,2,0,0.0,0,1,0.25,0.25,1.0,1.25
JoshJBreauxBreauxX,PHI,1,2,1,2,0,0,1,1,0,0.0,0,0,1.0,1.0,2.5,3.5
AlexABregmanBregmanB,BOS,1111,4157,694,1132,265,18,191,663,576,646.0,42,14,0.272,.366,0.483,.849
IvanIBrethowrBrethowrDH,CHC,5,6,1,2,0,0,1,3,0,3.0,0,1,0.333,0.333,0.833,1.166
VidalVBrujnBrujnB,CHC,4,10,4,2,0,1,1,1,2,3.0,2,0,0.2,0.333,0.7,1.033
KrisKBryantBryantDH,COL,2,2,2,1,0,0,1,2,2,0.0,0,0,0.5,0.75,2.0,2.75
MichaelMBuschBuschB,CHC,179,568,82,135,31,2,23,72,71,189.0,3,1,0.238,.324,0.421,.745
LawrenceLButlerButlerRF,ATH,167,535,73,134,28,2,26,67,39,143.0,18,0,0.25,.300,0.456,.756
JacJCaglianoneCaglianoneB,KC,3,5,1,3,0,0,1,2,0,1.0,0,0,0.6,0.6,1.2,1.8
JuniorJCamineroCamineroB,TB,50,199,19,49,10,1,7,25,13,46.0,2,0,0.246,.296,0.412,.708
VictorVCaratiniCaratiniC,HOU,607,1631,180,393,61,1,46,201,165,392.0,4,3,0.241,.320,0.364,.684
ColeCCarriggCarriggX,COL,5,7,2,3,2,0,1,5,1,1.0,1,0,0.429,0.5,1.143,1.643
CorbinCCarrollCarrollRF,AZ,2,5,1,1,0,0,1,1,1,2.0,0,0,0.2,0.333,0.8,1.133
AndrsAChaparroChaparroDH,WSH,3,7,2,4,0,0,1,4,0,0.0,0,0,0.571,0.571,1.0,1.571
BenjaminBCowlesCowlesSS,CHC,5,10,3,3,1,0,1,2,0,2.0,1,0,0.3,0.3,0.7,1.0
DillonDDinglerDinglerC,DET,27,84,2,14,5,2,1,11,3,30.0,0,0,0.167,.195,0.31,.505
BrentonBDoyleDoyleCF,COL,275,941,130,222,40,9,33,120,68,304.0,52,10,0.236,.289,0.403,.692
OliverODunnDunnB,MIL,41,95,11,21,2,2,1,7,6,40.0,3,0,0.221,.282,0.316,.598
BryceBEldridgeEldridgeX,SF,4,7,2,2,0,0,1,2,1,5.0,0,0,0.286,0.375,0.714,1.089
TimTElkoElkoB,CWS,2,2,1,1,0,0,1,1,2,1.0,0,0,0.5,0.75,2.0,2.75
SantiagoSEspinalEspinalSS,CIN,2,5,2,2,0,1,1,1,0,0.0,0,0,0.4,0.4,1.4,1.8
HunterHFeducciaFeducciaC,LAD,5,12,2,4,0,0,0,1,2,2.0,0,0,0.333,.429,0.333,.762
DominicDFletcherFletcherCF,CWS,3,5,1,1,0,0,1,2,0,2.0,0,0,0.2,0.333,0.8,1.133
TyTFranceFranceB,MIN,702,2513,314,662,132,4,74,312,182,517.0,2,3,0.263,.337,0.407,.744
MitchMGarverGarverC,SEA,3,6,3,3,0,0,1,1,1,1.0,0,0,0.5,0.571,1.0,1.571
TylerTGentryGentryRF,KC,3,5,0,0,0,0,0,0,0,2.0,0,0,0.0,.000,0.0,.000
RileyRGreeneGreeneLF,DET,329,1266,179,338,64,14,40,153,135,390.0,12,6,0.267,.340,0.434,.774
MitchMHanigerHanigerRF,SEA,746,2755,413,688,134,11,130,395,272,774.0,19,6,0.25,.324,0.448,.772
RobertRHassellIIIHassellCF,WSH,3,9,3,4,2,0,1,5,0,2.0,1,0,0.444,0.444,1.0,1.444
DerekDHillHillCF,MIA,161,442,52,103,10,5,11,43,24,143.0,16,5,0.233,.276,0.353,.629
ZyhirZHopeHopeRF,LAD,6,11,1,3,1,0,1,3,1,1.0,0,0,0.273,0.333,0.636,0.969
RhysRHoskinsHoskinsB,MIL,798,2876,451,684,163,7,174,487,441,838.0,18,8,0.238,.346,0.481,.827
SamSHuffHuffC,SF,78,198,19,51,9,0,10,20,16,72.0,1,0,0.258,.313,0.455,.768
DannyDJansenJansenC,TB,500,1493,210,329,72,1,74,220,166,338.0,1,1,0.22,.308,0.419,.727
CarterCJensenJensenX,KC,3,3,2,1,0,0,1,1,3,0.0,1,0,0.333,0.667,1.333,2.0
SpencerSJonesJonesCF,NYY,2,4,1,2,1,0,1,2,2,2.0,0,0,0.5,0.667,1.5,2.167
SimonSJuanJuanLF,NYM,2,4,1,2,0,0,1,4,0,0.0,0,0,0.5,0.5,1.25,1.75
CoreyCJulksJulksLF,CWS,159,471,52,110,21,0,9,47,37,125.0,20,5,0.234,.289,0.335,.624
CJCKayfusKayfusB,CLE,2,2,2,1,0,0,1,1,2,0.0,0,0,0.5,0.75,2.0,2.75
CarsonCKellyKellyC,CHC,558,1591,190,357,71,2,54,207,174,368.0,3,0,0.224,.307,0.373,.680
BuddyBKennedyKennedyB,PHI,54,128,14,26,4,2,2,19,16,36.0,1,0,0.203,.295,0.313,.608
HestonHKjerstadKjerstadRF,BAL,2,5,1,1,0,0,1,2,1,3.0,0,0,0.2,0.333,0.8,1.133
ChristianCKossKossSS,SF,4,5,4,3,1,0,1,2,1,1.0,0,0,0.6,0.667,1.4,2.067
StevenSKwanKwanLF,CLE,427,1681,265,479,77,17,25,150,185,186.0,52,13,0.285,.359,0.396,.755
JoeJLampeLampeLF,CLE,3,5,2,1,0,0,1,1,0,1.0,0,0,0.2,0.2,0.8,1.0
JungHooJLeeLeeCF,SF,37,145,15,38,4,0,2,8,10,13.0,2,3,0.262,.310,0.331,.641
MarcoMLucianoLucianoLF,SF,4,9,2,2,0,0,1,1,1,2.0,0,0,0.222,0.3,0.556,0.856
MannyMMachadoMachadoB,SD,1735,6809,991,1900,363,18,342,1049,608,1302.0,99,38,0.279,.338,0.488,.826
VimaelVMachnMachnB,BAL,3,7,1,3,1,0,1,2,0,0.0,0,0,0.429,0.429,1.0,1.429
LukeLMaileMaileC,KC,440,1130,103,235,58,2,21,113,89,341.0,8,1,0.208,.274,0.319,.593
BenBMalgeriMalgeriCF,DET,2,6,1,5,1,0,1,7,0,1.0,1,0,0.833,0.833,1.5,2.333
KyleKManzardoManzardoB,CLE,53,145,11,34,12,0,5,15,9,41.0,0,0,0.234,.282,0.421,.703
OrelvisOMartinezMartinezB,TOR,1,3,0,1,0,0,0,0,0,1.0,0,0,0.333,.333,0.333,.666
ErnestoEMartinezJrMartinezB,MIL,2,7,1,1,0,0,1,2,0,4.0,0,0,0.143,0.143,0.571,0.714
GrantGMcCrayMcCrayCF,SF,37,124,13,25,3,2,5,10,6,56.0,5,0,0.202,.238,0.379,.617
MattMMervisMervisB,MIA,36,116,9,18,3,0,3,14,9,40.0,0,0,0.155,.222,0.259,.481
TylerTMillerMillerB,BOS,2,3,1,1,0,0,1,2,0,1.0,0,0,0.333,0.333,1.333,1.666
LazaroLMontesMontesRF,SEA,2,3,3,1,0,0,1,3,2,1.0,0,0,0.333,0.6,1.333,1.933
ColsonCMontgomeryMontgomerySS,CWS,3,7,1,1,0,0,1,2,0,4.0,0,0,0.143,0.143,0.571,0.714
MaxMMuncyMuncyB,LAD,920,2980,545,679,135,8,195,537,540,886.0,14,4,0.228,.352,0.475,.827
ChrisCOkeyOkeyX,LAD,5,7,1,3,1,0,1,3,1,1.0,0,0,0.429,0.556,1.0,1.556
JaredJOlivaOlivaRF,MIL,26,56,4,10,2,0,0,2,3,16.0,3,0,0.179,.220,0.214,.434
TirsoTOrnelasOrnelasX,SD,4,9,3,4,2,0,1,2,2,0.0,0,0,0.444,0.545,1.0,1.545
AbimelecAOrtizOrtizB,TEX,3,4,1,2,1,0,1,1,0,0.0,0,0,0.5,0.5,1.5,2.0
MarcellMOzunaOzunaDH,ATL,1469,5558,762,1514,261,21,275,880,510,1346.0,29,14,0.272,.334,0.475,.809
JocJPedersonPedersonB,TEX,2,4,2,1,0,0,1,3,1,1.0,0,0,0.25,0.4,1.0,1.4
GeraldoGPerdomoPerdomoSS,AZ,401,1206,195,284,54,9,14,125,156,253.0,34,7,0.235,.327,0.33,.657
EversonEPereiraPereiraDH,NYY,3,6,2,2,0,0,1,1,2,2.0,0,0,0.333,0.556,0.833,1.389
AndrewAPintarPintarCF,MIA,2,3,1,1,0,0,1,2,0,1.0,0,0,0.333,0.333,1.333,1.666
CeddanneCRafaelaRafaelaCF,BOS,3,7,2,2,0,0,1,1,1,0.0,1,0,0.286,0.375,0.714,1.089
GabrielGRinconesJrRinconesRF,PHI,3,4,1,1,0,0,1,2,1,0.0,0,0,0.25,0.4,1.0,1.4
EmmanuelERiveraRiveraB,BAL,341,942,115,230,42,5,22,103,79,229.0,6,2,0.244,.306,0.369,.675
EmmanuelERiveraRiveraB,BAL,341,942,115,230,42,5,22,103,79,229.0,6,2,0.244,.306,0.369,.675
EddieERosarioRosarioLF,LAD,4,10,1,2,0,0,1,3,1,4.0,1,0,0.2,0.273,0.5,0.773
EguyERosarioRosarioB,SD,48,94,11,23,7,1,5,12,4,34.0,0,0,0.245,.283,0.5,.783
TommyTSaccoJrSaccoSS,HOU,2,6,1,2,0,0,1,4,0,0.0,0,0,0.333,0.333,0.833,1.166
VictorVScottIIScottLF,STL,2,5,2,3,0,1,1,3,1,1.0,0,0,0.6,0.667,1.6,2.267
JoseJSiriSiriCF,NYM,356,1087,171,228,42,6,54,136,72,425.0,43,13,0.21,.266,0.408,.674
DominicDoSmithSmithB,NYY,693,2046,237,504,121,4,64,259,170,501.0,5,5,0.246,.313,0.403,.716
JorgeJSolerSolerDH,LAA,2,4,2,3,0,0,1,4,1,1.0,0,0,0.75,0.8,1.5,2.3
JuanJSotoSotoRF,NYM,936,3280,655,934,179,15,201,592,769,696.0,57,23,0.285,.421,0.532,.953
DJDStewartStewartRF,PIT,327,845,112,179,34,0,42,118,128,271.0,5,4,0.212,.328,0.401,.729
SalSStewartStewartX,CIN,3,5,1,2,0,0,1,1,0,0.0,0,0,0.4,0.4,1.0,1.4
JosephJSullivanSullivanCF,HOU,3,5,2,1,0,0,1,2,0,2.0,0,0,0.2,0.333,0.8,1.133
LeodyLTaverasTaverasCF,TEX,475,1598,199,383,74,11,38,160,121,420.0,66,16,0.24,.293,0.371,.664
SamadSTaylorTaylorLF,SEA,3,6,3,3,1,0,1,4,0,3.0,1,0,0.5,0.5,1.167,1.667
LaneLThomasThomasCF,CLE,2,3,2,1,0,0,1,2,3,2.0,1,0,0.333,0.667,1.333,2.0
TrayceTThompsonThompsonRF,BOS,369,935,128,198,41,5,45,126,115,346.0,17,3,0.212,.300,0.411,.711
TylerTTolbertTolbertB,KC,3,6,1,2,1,0,1,1,1,3.0,0,0,0.333,0.429,1.0,1.429
AlexanderAVargasVargasB,NYY,3,4,1,2,0,0,1,1,0,1.0,0,0,0.5,0.5,1.25,1.75
IldemaroIVargasVargasB,AZ,422,1104,116,272,56,6,17,126,64,132.0,16,6,0.246,.289,0.354,.643
ZacZVeenVeenLF,COL,5,13,3,4,2,0,1,4,0,1.0,3,0,0.308,0.357,0.692,1.049
MattMWallnerWallnerRF,MIN,169,490,72,123,31,2,29,88,58,200.0,6,1,0.251,.366,0.5,.866
JJJWetherholtWetherholtDH,STL,3,6,2,2,0,0,1,3,1,2.0,1,0,0.333,0.429,0.833,1.262
ChrisCWilliamsWilliamsC,NYM,2,3,1,1,0,0,1,1,0,2.0,0,0,0.333,0.333,1.333,1.666
GageGWorkmanWorkmanB,CHC,5,12,2,4,0,0,1,4,1,3.0,0,1,0.333,0.357,0.583,0.94
RJRYeagerYeagerB,STL,4,5,4,2,0,0,1,1,1,3.0,0,0,0.4,0.5,1.0,1.5
JacobJYoungYoungCF,WSH,183,575,84,147,31,2,3,48,40,124.0,46,10,0.256,.317,0.332,.649
CJCAbramsAbramsSS,WSH,379,1388,195,341,69,14,40,150,77,296.0,85,20,0.246,.302,0.402,.704
MaxMAcostaAcostaSS,MIA,1,2,0,0,0,0,0,0,0,0.0,0,0,0.0,0.0,0.0,0.0
FranciscoFAcunaAcunaB,SD,1,1,0,0,0,0,0,0,0,1.0,0,0,0.0,0.0,0.0,0.0
LuisangelLAcuaAcuaB,NYM,2,6,1,1,0,0,0,1,0,2.0,1,0,0.167,0.167,0.167,0.334
WillyWAdamesAdamesSS,SF,880,3227,467,800,172,5,150,472,348,982.0,51,22,0.248,.322,0.444,.766
LukeLAdamsAdamsX,MIL,3,3,0,1,0,0,0,0,0,0.0,0,0,0.333,0.5,0.333,0.833
JordynJAdamsAdamsCF,BAL,1,2,0,1,0,0,0,2,0,0.0,0,0,0.5,0.5,0.5,1.0
RileyRAdamsAdamsC,WSH,180,500,45,112,30,4,13,49,48,166.0,1,1,0.224,.304,0.378,.682
JoJAdellAdellCF,LAA,3,7,0,0,0,0,0,0,0,1.0,0,0,0.0,0.0,0.0,0.0
ZachZAgnosAgnosP,COL,2,0,0,0,0,0,0,0,0,0.0,0,0,0.0,0.0,0.0,0.0
TaylerTAguilarAguilarRF,COL,1,1,0,0,0,0,0,0,0,0.0,0,0,0.0,0.0,0.0,0.0
NickNAhmedAhmedSS,TEX,959,3107,364,726,160,25,72,339,226,678.0,43,23,0.234,.287,0.371,.658
KevinKAlcntaraAlcantaraLF,CHC,5,12,4,6,2,0,0,4,0,3.0,1,0,0.5,0.5,0.667,1.167
SergioSAlcntaraAlcntaraSS,SF,4,6,1,2,0,0,0,0,1,2.0,0,0,0.333,0.429,0.333,0.762
KempKAldermanAldermanLF,MIA,1,1,0,0,0,0,0,0,0,0.0,0,0,0.0,0.0,0.0,0.0
BlazeBAlexanderAlexanderB,AZ,2,2,1,0,0,0,0,0,1,0.0,0,0,0.0,0.333,0.0,0.333
CJCAlexanderAlexanderB,ATH,4,8,0,1,0,0,0,0,0,3.0,0,0,0.125,.125,0.125,.250
JorgeJAlfaroAlfaroC,MIL,496,1590,152,402,71,4,48,198,72,581.0,18,5,0.253,.302,0.393,.695
EliezerEAlfonzoAlfonzoC,DET,193,591,44,142,24,3,17,67,17,158.0,1,2,0.24,.271,0.377,.648
OmarOAlfonzoAlfonzoX,PIT,1,2,0,0,0,0,0,0,0,1.0,0,0,0.0,0.0,0.0,0.0
PabloPAliendoAliendoX,CHC,3,5,0,1,0,0,0,0,0,1.0,0,1,0.2,0.2,0.2,0.4
GregGAllenAllenLF,CHC,2,4,3,3,0,1,0,0,1,1.0,0,0,0.75,0.8,1.25,2.05
NickNAllenAllenSS,ATL,247,699,66,146,21,2,9,43,41,136.0,8,3,0.209,.254,0.283,.537
JayJAllenIIAllenIILF,CIN,1,2,0,1,0,0,0,1,0,0.0,0,0,0.5,0.5,0.5,1.0
ArielAAlmonteAlmonteRF,CIN,1,1,1,0,0,0,0,0,0,0.0,0,0,0.0,0.0,0.0,0.0
AlbertAAlmoraAlmoraRF,MIA,1,2,0,0,0,0,0,0,0,0.0,0,0,0.0,0.0,0.0,0.0
PetePAlonsoAlonsoB,NYM,846,3139,493,781,142,7,226,586,358,822.0,17,2,0.249,.339,0.514,.853
ArmandoAAlvarezAlvarezB,MIN,16,37,7,9,1,0,0,2,2,8.0,1,0,0.243,.282,0.27,.552
EddyEAlvarezAlvarezB,ATL,63,135,17,23,5,1,1,11,8,45.0,4,0,0.17,.257,0.244,.501
FranciscoFAlvarezAlvarezC,NYM,228,702,93,155,27,2,37,111,66,200.0,3,1,0.221,.294,0.423,.717
NachoNAlvarezJrAlvarezB,ATL,2,5,0,0,0,0,0,0,1,1.0,0,0,0.0,0.167,0.0,0.167
AdaelAAmadorAmadorB,COL,10,35,1,6,1,0,0,0,1,6.0,1,0,0.171,.194,0.2,.394
JacobJAmayaAmayaSS,CWS,28,77,5,14,1,0,0,5,4,29.0,2,0,0.182,.222,0.195,.417
JakeJAnchiaAnchiaC,CLE,2,3,0,0,0,0,0,0,0,1.0,0,0,0.0,0.0,0.0,0.0
TimTAndersonAndersonB,LAA,2,5,0,0,0,0,0,0,0,0.0,0,0,0.0,0.0,0.0,0.0
MiguelMAndujarAndujarLF,ATH,373,1361,161,372,79,5,43,179,61,227.0,12,5,0.273,.306,0.434,.740
MiguelMAndujarAndujarLF,ATH,373,1361,161,372,79,5,43,179,61,227.0,12,5,0.273,.306,0.434,.740
RomanRAnthonyAnthonyLF,BOS,3,8,1,3,0,0,0,2,0,1.0,0,0,0.375,0.444,0.375,0.819
JonathanJArandaArandaB,TB,110,293,45,65,15,1,10,33,33,86.0,0,0,0.222,.309,0.382,.691
OrlandoOArciaArciaSS,ATL,938,3051,332,737,130,7,87,334,231,675.0,43,16,0.242,.295,0.374,.669
SilasSArdoinArdoinC,BAL,2,0,0,0,0,0,0,0,0,0.0,0,0,0.0,0.0,0.0,0.0
JadherJAreinamoAreinamoB,MIL,1,1,0,0,0,0,0,0,0,0.0,0,0,0.0,0.0,0.0,0.0
NolanNArenadoArenadoB,STL,1680,6406,944,1826,387,33,341,1132,549,1045.0,28,23,0.285,.342,0.515,.857
RaynerRAriasAriasX,SF,1,0,1,0,0,0,0,0,0,0.0,0,0,0.0,0.0,0.0,0.0
RoderickRAriasAriasSS,NYY,2,4,1,3,1,0,0,0,0,1.0,0,0,0.75,0.75,1.0,1.75
RandyRArozarenaArozarenaLF,SEA,641,2299,357,583,128,9,91,314,263,677.0,100,43,0.254,.346,0.436,.782
LuisLArraezArraezB,SD,686,2624,370,847,139,14,28,247,196,194.0,20,13,0.323,.372,0.418,.790
EdwinEArroyoArroyoSS,CIN,3,5,0,0,0,0,0,0,0,3.0,0,0,0.0,0.0,0.0,0.0
MichaelMArroyoArroyoB,SEA,3,5,1,1,1,0,0,2,0,1.0,0,0,0.2,0.333,0.4,0.733
AeversonAArteagaArteagaB,SF,1,1,0,0,0,0,0,0,0,0.0,0,0,0.0,0.0,0.0,0.0
DrewDAvansAvansCF,ATH,3,5,2,2,2,0,0,0,0,1.0,0,0,0.4,0.5,0.8,1.3
JiHwanJBaeBaeCF,PIT,150,441,70,102,22,2,2,44,38,122.0,33,11,0.231,.296,0.304,.600
JuanJBaezBaezX,MIL,1,1,0,0,0,0,0,0,0,1.0,0,0,0.0,0.0,0.0,0.0
LuisLBaezBaezRF,HOU,1,1,0,0,0,0,0,0,1,1.0,0,0,0.0,0.5,0.0,0.5
DarrenDBakerBakerB,WSH,9,14,1,7,2,0,0,0,0,3.0,0,0,0.5,.500,0.643,1.143
LeoLBalcazarBalcazarB,CIN,1,0,0,0,0,0,0,0,0,0.0,0,0,0.0,0.0,0.0,0.0
DrakeDBaldwinBaldwinC,ATL,2,3,0,0,0,0,0,0,1,0.0,0,0,0.0,0.25,0.0,0.25
BrooksRBaldwinBaldwinB,CWS,33,114,9,24,6,0,2,8,6,31.0,4,0,0.211,.250,0.316,.566
MoisesMBallesterosBallesterosDH,CHC,5,8,3,2,0,0,0,0,2,1.0,0,0,0.25,0.4,0.25,0.65
ScottSBanduraBanduraLF,SF,1,0,1,0,0,0,0,0,1,0.0,0,0,0.0,1.0,0.0,1.0
ColinCBarberBarberLF,HOU,2,3,1,1,1,0,0,0,1,1.0,0,0,0.333,0.5,0.667,1.167
AddisonABargerBargerB,TOR,69,208,20,41,11,0,7,28,14,60.0,2,0,0.197,.250,0.351,.601
AustinABarnesBarnesC,LAD,599,1474,202,329,60,3,35,160,195,377.0,23,6,0.223,.324,0.339,.663
TuckerTBarnhartBarnhartC,TEX,916,2736,254,659,131,6,53,292,296,649.0,8,5,0.241,.318,0.351,.669
BostonBBaroBaroX,NYM,1,2,0,0,0,0,0,0,0,1.0,0,0,0.0,0.0,0.0,0.0
TresTBarreraBarreraX,TB,3,4,0,1,0,0,0,2,0,3.0,0,0,0.25,0.25,0.25,0.5
FranklinFBarretoBarretoLF,BAL,101,228,31,40,7,2,9,29,7,100.0,4,0,0.175,.207,0.342,.549
JorgeJBarrosaBarrosaCF,AZ,2,4,2,1,0,0,0,0,0,2.0,0,0,0.25,0.4,0.25,0.65
JoeyJBartBartC,PIT,242,710,97,167,27,2,24,83,54,251.0,2,1,0.235,.306,0.38,.686
OsleivisOBasabeBasabeSS,SF,31,87,15,19,5,0,1,12,6,25.0,0,1,0.218,.277,0.31,.587
SamuelSBasalloBasalloC,BAL,1,3,0,1,0,0,0,0,0,1.0,0,0,0.333,0.333,0.333,0.666
JessJBastidasBastidasB,HOU,2,2,1,0,0,0,0,0,2,1.0,0,1,0.0,0.6,0.0,0.6
DavidDBauelosBauelosC,BAL,1,1,0,0,0,0,0,0,0,0.0,0,0,0.0,.000,0.0,.000
DylanDBeaversBeaversX,BAL,2,3,1,2,1,0,0,0,1,1.0,0,0,0.667,0.75,1.0,1.75
JordanJBeckBeckRF,COL,4,8,1,1,0,0,0,0,2,3.0,0,0,0.125,0.3,0.125,0.425
JoshJBellBellDH,WSH,3,7,2,3,1,0,0,2,1,1.0,0,0,0.429,0.5,0.571,1.071
CodyCBellingerBellingerCF,NYY,1005,3642,601,942,186,23,196,597,412,867.0,91,22,0.259,.334,0.484,.818
AndrewABenintendiBenintendiLF,CWS,1031,3830,518,1034,223,20,98,493,402,759.0,85,29,0.27,.340,0.415,.755
WillWBensonBensonRF,CIN,2,3,0,0,0,0,0,0,0,2.0,0,0,0.0,0.25,0.0,0.25
VictorVBericotoBericotoB,SF,1,2,0,0,0,0,0,0,0,1.0,0,0,0.0,0.0,0.0,0.0
LeonardoLBernalBernalC,STL,1,2,0,0,0,0,0,0,0,0.0,0,0,0.0,0.0,0.0,0.0
StewardSBerroaBerroaCF,TOR,3,9,1,4,2,0,0,2,0,2.0,0,0,0.444,0.444,0.667,1.111
JacobJBerryBerryB,MIA,2,3,0,0,0,0,0,1,1,1.0,0,0,0.0,0.25,0.0,0.25
JonJBertiBertiB,CHC,461,1436,220,372,63,9,24,126,156,355.0,97,21,0.259,.337,0.366,.703
BryantBBetancourtBetancourtX,COL,3,2,1,1,0,0,0,2,0,1.0,0,0,0.5,0.5,0.5,1.0
ChristianCBethancourtBethancourtC,TOR,428,1241,149,284,60,0,35,135,48,326.0,12,5,0.229,.259,0.362,.621
MookieMBettsBettsSS,LAD,1381,5494,1071,1615,371,39,271,831,675,856.0,188,39,0.294,.373,0.524,.897
BoBBichetteBichetteSS,TOR,609,2493,360,723,146,7,93,343,147,548.0,56,18,0.29,.332,0.466,.798
JusticeJBigbieBigbieRF,DET,1,3,1,2,0,0,0,1,0,0.0,0,0,0.667,0.667,0.667,1.334
HunterHBishopBishopX,SF,1,1,0,0,0,0,0,0,0,1.0,0,0,0.0,0.0,0.0,0.0
EricEBitontiBitontiB,MIL,1,2,0,0,0,0,0,0,0,2.0,0,0,0.0,0.0,0.0,0.0
DaironDBlancoBlancoLF,KC,162,251,57,65,11,4,7,33,18,69.0,56,12,0.259,.315,0.418,.733
JJJBledayBledayCF,ATH,306,1032,130,223,64,6,35,103,139,264.0,11,5,0.216,.311,0.391,.702
RyanRBlissBlissB,SEA,33,63,10,14,3,1,2,9,5,22.0,5,3,0.222,.290,0.397,.687
XanderXBogaertsBogaertsSS,SD,2,3,0,1,0,0,0,0,1,2.0,0,0,0.333,0.5,0.333,0.833
AlecABohmBohmB,PHI,599,2238,285,620,125,5,59,336,160,437.0,16,7,0.277,.327,0.416,.743
HenryHBolteBolteRF,ATH,2,3,1,0,0,0,0,0,0,2.0,0,0,0.0,0.0,0.0,0.0
TrevorTBooneBooneB,COL,1,0,0,0,0,0,0,0,0,0.0,0,0,0.0,0.0,0.0,0.0
DavidDBoteBoteB,LAD,421,1065,136,249,51,5,36,156,115,324.0,11,6,0.234,.318,0.392,.710
SeanSBouchardBouchardRF,COL,79,203,34,51,15,0,8,26,37,72.0,4,1,0.251,.368,0.443,.811
CooperCBowmanBowmanB,CIN,3,6,0,0,0,0,0,0,0,2.0,0,0,0.0,0.0,0.0,0.0
JustinJBoydBoydRF,CLE,2,3,0,0,0,0,0,0,2,2.0,0,0,0.0,0.4,0.0,0.4
AaronABrachoBrachoB,LAD,2,3,0,0,0,0,0,0,0,1.0,0,0,0.0,0.0,0.0,0.0
JackJBranniganBranniganB,PIT,2,5,0,0,0,0,0,0,0,2.0,0,0,0.0,0.0,0.0,0.0
RobRBrantlyBrantlyC,MIA,138,423,32,94,21,0,7,37,33,98.0,1,1,0.222,.284,0.322,.606
WillWBrennanBrennanRF,CLE,263,804,84,217,38,3,14,79,37,109.0,19,8,0.27,.308,0.377,.685
JonahJBrideBrideB,MIA,169,482,56,112,17,0,12,52,60,109.0,1,2,0.232,.325,0.342,.667
JuanJBritoBritoB,CLE,2,5,0,0,0,0,0,0,0,2.0,0,0,0.0,0.0,0.0,0.0
TrentonTBrooksBrooksB,SD,12,25,3,3,0,0,0,1,4,6.0,1,0,0.12,.241,0.12,.361
MikeMBrosseauBrosseauB,SD,244,582,69,141,28,1,26,77,48,191.0,7,0,0.242,.313,0.428,.741
DasanDBrownBrownCF,TOR,1,1,1,1,0,0,0,1,1,0.0,0,0,1.0,1.0,1.0,2.0
DevonteDBrownBrownLF,TOR,1,2,1,1,0,0,0,2,0,1.0,0,0,0.5,0.5,0.5,1.0
SethSBrownBrownRF,ATH,2,5,0,1,1,0,0,3,0,1.0,1,0,0.2,0.2,0.4,0.6
CadeCBunnellBunnellB,ATL,1,2,0,0,0,0,0,0,0,1.0,0,0,0.0,0.0,0.0,0.0
JakeJBurgerBurgerB,TEX,344,1233,164,309,63,4,72,185,77,370.0,2,2,0.251,.305,0.483,.788
JorgeJBurgosBurgosLF,CLE,2,4,1,1,0,0,0,1,0,1.0,0,0,0.25,0.25,0.25,0.5
BlakeBBurkeBurkeB,MIL,1,2,0,1,1,0,0,1,0,0.0,0,0,0.5,0.5,1.0,1.5
AlecABurlesonBurlesonB,STL,2,4,0,0,0,0,0,1,1,1.0,0,0,0.0,0.167,0.0,0.167
ConnorCBurnsBurnsC,CIN,1,0,0,0,0,0,0,0,1,0.0,0,0,0.0,1.0,0.0,1.0
WillWBushBushX,HOU,1,1,0,0,0,0,0,0,0,1.0,0,0,0.0,0.0,0.0,0.0
BrandonBButterworthButterworthX,SD,2,1,0,0,0,0,0,0,0,0.0,0,0,0.0,0.0,0.0,0.0
ByronBBuxtonBuxtonCF,MIN,772,2614,426,639,157,24,133,353,193,830.0,93,12,0.244,.304,0.476,.780
JosJCaballeroCaballeroSS,TB,243,672,90,151,33,2,13,70,55,199.0,70,19,0.225,.305,0.338,.643
OswaldoOCabreraCabreraB,NYY,268,751,103,175,30,1,19,84,61,179.0,15,4,0.233,.291,0.352,.643
RicardoRCabreraCabreraB,CIN,1,1,0,0,0,0,0,0,0,0.0,0,0,0.0,0.0,0.0,0.0
ChristianCCairoCairoDH,ATL,3,5,0,0,0,0,0,0,0,3.0,0,0,0.0,0.0,0.0,0.0
AlexACallCallLF,WSH,2,1,0,1,1,0,0,1,4,0.0,1,0,1.0,1.0,2.0,3.0
AustinACallahanCallahanB,CIN,1,1,0,0,0,0,0,0,0,0.0,0,0,0.0,0.0,0.0,0.0
TylerTCallihanCallihanB,CIN,3,4,0,0,0,0,0,0,0,1.0,0,0,0.0,0.0,0.0,0.0
JairJCamargoCamargoC,MIN,5,6,1,0,0,0,0,0,1,3.0,0,0,0.0,.143,0.0,.143
DazDCameronCameronLF,BAL,139,394,48,79,15,3,10,39,30,128.0,14,0,0.201,.263,0.33,.593
KristianKCampbellCampbellB,BOS,2,3,0,0,0,0,0,0,1,1.0,0,0,0.0,0.25,0.0,0.25
GustavoGCamperoCamperoRF,LAA,13,46,6,11,0,1,1,6,0,8.0,3,0,0.239,.271,0.348,.619
RobertoRCamposCamposRF,DET,1,2,0,0,0,0,0,0,0,2.0,0,0,0.0,0.0,0.0,0.0
JeimerJCandelarioCandelarioB,CIN,858,3115,407,748,188,18,108,374,317,828.0,19,9,0.24,.318,0.416,.734
HaydenHCantrelleCantrelleB,CHC,3,1,0,0,0,0,0,0,2,1.0,1,0,0.0,0.667,0.0,0.667
DominicDCanzoneCanzoneRF,SEA,126,341,43,71,20,0,14,38,26,85.0,2,0,0.208,.265,0.39,.655
ConnerCCapelCapelLF,ATL,59,133,14,37,5,1,3,14,17,37.0,7,4,0.278,.359,0.398,.757
DylanDCarlsonCarlsonLF,BAL,484,1538,192,365,83,10,37,175,158,405.0,13,5,0.237,.317,0.376,.693
JoshJCaronCaronX,SEA,3,2,0,0,0,0,0,0,1,0.0,0,0,0.0,0.333,0.0,0.333
KerryKCarpenterCarpenterRF,DET,236,785,110,217,37,8,44,131,60,222.0,6,2,0.276,.338,0.512,.850
JulioJCarrerasCarrerasSS,COL,3,3,1,1,0,0,0,1,2,1.0,0,0,0.333,0.6,0.333,0.933
DiegoDCartayaCartayaC,MIN,2,2,1,0,0,0,0,0,1,2.0,0,0,0.0,0.333,0.0,0.333
EvanECarterCarterCF,TEX,2,4,0,1,1,0,0,0,0,1.0,0,0,0.25,0.25,0.5,0.75
CurtCCasaliCasaliC,ATL,543,1367,157,298,61,1,48,162,169,423.0,2,2,0.218,.312,0.369,.681
TristonTCasasCasasB,BOS,222,717,105,179,30,2,42,109,119,226.0,1,1,0.25,.357,0.473,.830
NickNCastellanosCastellanosRF,PHI,1541,5865,755,1605,372,41,233,848,400,1484.0,38,22,0.274,.323,0.47,.793
JacksonJCastilloCastilloCF,NYY,2,2,0,0,0,0,0,0,1,1.0,0,0,0.0,0.333,0.0,0.333
HaroldHCastroCastroB,KC,450,1406,134,391,61,7,16,156,54,316.0,7,4,0.278,.303,0.366,.669
LuisLCastroCastroB,HOU,2,6,2,2,0,0,0,0,0,1.0,0,0,0.333,0.333,0.333,0.666
RodolfoRCastroCastroSS,PHI,194,566,55,124,17,4,22,59,51,175.0,6,7,0.219,.292,0.38,.672
RodolfoRCastroCastroSS,PHI,194,566,55,124,17,4,22,59,51,175.0,6,7,0.219,.292,0.38,.672
WilliWCastroCastroB,MIN,2,5,0,0,0,0,0,0,0,0.0,0,0,0.0,0.0,0.0,0.0
SabinSCeballosCeballosB,SF,3,3,0,2,0,0,0,0,1,0.0,0,0,0.667,0.75,0.667,1.417
GilbertoGCelestinoCelestinoLF,NYM,2,4,1,3,1,0,0,1,0,0.0,0,0,0.75,0.75,1.0,1.75
AllanACerdaCerdaX,MIN,1,1,0,0,0,0,0,0,0,0.0,0,0,0.0,0.0,0.0,0.0
ChristianCCerdaCerdaC,AZ,2,1,1,0,0,0,0,0,1,0.0,0,0,0.0,0.5,0.0,0.5
LoganLCernyCernyCF,HOU,2,2,0,0,0,0,0,0,0,1.0,0,0,0.0,0.0,0.0,0.0
RubelRCespedesCespedesB,MIN,1,1,0,0,0,0,0,0,0,0.0,0,0,0.0,0.0,0.0,0.0
MattMChapmanChapmanB,SF,1022,3713,585,896,230,21,182,504,445,1134.0,26,14,0.241,.329,0.462,.791
ConnorCCharpingCharpingC,SEA,1,1,0,0,0,0,0,0,0,1.0,0,0,0.0,0.0,0.0,0.0
ParkerPChaversChaversCF,CHC,4,5,1,3,1,1,0,3,1,1.0,0,0,0.6,0.667,1.2,1.867
TsungCheTChengChengB,PIT,2,3,2,1,1,0,0,0,1,0.0,0,0,0.333,0.5,0.667,1.167
JazzJChisholmJrChisholmB,NYY,449,1647,241,410,64,15,77,228,139,500.0,99,28,0.249,.311,0.446,.757
JacksonJChourioChourioLF,MIL,148,528,80,145,29,4,21,79,39,121.0,22,7,0.275,.327,0.464,.791
JaisonJChourioChourioRF,CLE,1,1,0,0,0,0,0,0,0,1.0,0,0,0.0,0.0,0.0,0.0
JakobJChristianChristianB,SF,1,1,0,0,0,0,0,1,0,1.0,0,0,0.0,0.5,0.0,0.5
NathanNChurchChurchCF,STL,4,5,0,0,0,0,0,1,2,0.0,0,0,0.0,0.286,0.0,0.286
DenzelDClarkeClarkeCF,ATH,3,4,1,0,0,0,0,0,1,3.0,0,0,0.0,0.2,0.0,0.2
KodyKClemensClemensB,PHI,150,370,45,74,20,1,14,48,21,102.0,1,0,0.2,.246,0.373,.619
ErnieEClementClementB,TOR,279,768,90,191,30,4,16,76,30,90.0,13,5,0.249,.282,0.361,.643
RyanRCliffordCliffordB,NYM,2,4,0,0,0,0,0,0,0,1.0,0,0,0.0,0.0,0.0,0.0
PatrickPClohisyClohisyRF,ATL,1,1,0,0,0,0,0,0,0,1.0,0,0,0.0,0.0,0.0,0.0
CutterCCoffeyCoffeyX,TOR,1,2,0,1,0,0,0,1,0,1.0,0,0,0.5,0.5,0.5,1.0
MarkMColeyIIColeyCF,MIA,1,1,0,0,0,0,0,0,0,1.0,0,0,0.0,0.0,0.0,0.0
CamCCollierCollierB,CIN,3,2,1,1,1,0,0,0,2,1.0,0,0,0.5,0.75,1.0,1.75
IsaacICollinsCollinsLF,MIL,11,17,0,2,0,0,0,0,2,10.0,1,0,0.118,.211,0.118,.329
OscarOColsColsB,CWS,3,5,1,1,1,0,0,1,0,3.0,0,0,0.2,0.2,0.4,0.6
MichaelMConfortoConfortoLF,LAD,1012,3395,514,851,182,7,167,520,456,934.0,22,12,0.251,.348,0.456,.804
GriffinGConineConineLF,MIA,2,3,1,0,0,0,0,0,2,1.0,0,0,0.0,0.4,0.0,0.4
CalCConleyConleyX,ATL,2,3,0,1,0,0,0,1,0,0.0,0,0,0.333,0.333,0.333,0.666
GavinGConticelloConticelloRF,AZ,1,1,0,1,0,0,0,1,1,0.0,0,0,1.0,1.0,1.0,2.0
WilliamWContrerasContrerasC,MIL,449,1642,255,455,94,5,68,239,199,427.0,17,3,0.277,.358,0.465,.823
WillsonWContrerasContrerasB,STL,2,4,0,2,1,0,0,0,0,1.0,0,0,0.5,0.6,0.75,1.35
BillyBCookCookCF,PIT,2,2,0,0,0,0,0,0,1,0.0,0,0,0.0,0.333,0.0,0.333
GarrettGCooperCooperB,ATL,517,1735,192,459,96,7,57,233,157,519.0,1,1,0.265,.333,0.427,.760
KenedyKCoronaCoronaCF,HOU,1,1,0,1,0,0,0,0,0,0.0,0,0,1.0,1.0,1.0,2.0
CarlosCCorreaCorreaSS,MIN,1109,4179,623,1150,235,13,187,672,507,973.0,33,9,0.275,.354,0.472,.826
CarlosCCortesCortesLF,ATH,3,5,0,0,0,0,0,0,0,0.0,0,0,0.0,0.0,0.0,0.0
ColtonCCowserCowserLF,BAL,179,560,92,128,26,3,24,73,65,194.0,10,4,0.229,.317,0.414,.731
JonahJCoxCoxCF,SF,1,1,0,0,0,0,0,0,1,0.0,0,0,0.0,0.5,0.0,0.5
JacobJCozartCozartX,CLE,1,1,1,0,0,0,0,1,1,1.0,0,0,0.0,0.5,0.0,0.5
JPJCrawfordCrawfordSS,SEA,773,2799,396,686,150,15,55,286,367,602.0,27,14,0.245,.338,0.368,.706
JustinJCrawfordCrawfordLF,PHI,3,7,2,1,0,0,0,0,0,1.0,0,0,0.143,0.143,0.143,0.286
DylanDCrewsCrewsRF,WSH,31,119,12,26,5,1,3,8,11,26.0,12,3,0.218,.288,0.353,.641
BlaineBCrimCrimDH,TEX,4,5,1,1,0,0,0,0,0,1.0,0,0,0.2,0.2,0.2,0.4
DemetrioDCrisantesCrisantesX,AZ,1,2,0,0,0,0,0,0,0,1.0,0,0,0.0,0.0,0.0,0.0
JakeJCronenworthCronenworthB,SD,646,2361,334,584,131,24,69,310,250,466.0,21,7,0.247,.329,0.411,.740
JimmyJCrooksCrooksC,STL,2,2,0,0,0,0,0,0,1,1.0,0,0,0.0,0.333,0.0,0.333
GavinGCrossCrossRF,KC,3,3,3,1,0,0,0,1,3,2.0,2,0,0.333,0.667,0.333,1.0
PetePCrowArmstrongCrowArmstrongCF,CHC,136,386,49,88,13,6,10,48,24,105.0,29,5,0.228,.282,0.37,.652
OneilOCruzCruzCF,PIT,1,3,0,1,0,0,0,0,0,1.0,1,1,0.333,0.333,0.333,0.666
BobbyBDalbecDalbecB,CWS,331,946,115,210,37,7,47,142,79,384.0,9,0,0.222,.290,0.425,.715
ZachZDanielsDanielsLF,HOU,1,2,0,0,0,0,0,0,0,2.0,0,0,0.0,0.0,0.0,0.0
BoBDavidsonDavidsonLF,SF,1,1,0,1,1,0,0,1,0,0.0,0,0,1.0,1.0,2.0,3.0
LoganLDavidsonDavidsonB,ATH,3,4,1,2,1,0,0,2,0,1.0,0,0,0.5,0.5,0.75,1.25
ChaseCDavisDavisDH,STL,2,3,2,0,0,0,0,0,1,1.0,0,0,0.0,0.25,0.0,0.25
HenryHDavisDavisC,PIT,99,329,36,63,14,0,8,29,38,114.0,3,5,0.191,.283,0.307,.590
JDJDavisDavisX,LAA,3,5,0,1,0,0,0,0,0,2.0,0,0,0.2,0.2,0.2,0.4
RandyRDeJesusDeJesusRF,LAA,1,2,0,0,0,0,0,0,0,2.0,0,0,0.0,0.0,0.0,0.0
BryanBDeLaCruzDeLaCruzRF,ATL,2,5,0,2,1,0,0,1,0,1.0,0,0,0.4,0.4,0.6,1.0
DeyvisonDDeLosSantosDeLosSantosB,MIA,2,5,0,1,0,0,0,0,0,1.0,0,0,0.2,0.2,0.2,0.4
JefreyJDeLosSantosDeLosSantosB,NYM,2,2,0,0,0,0,0,0,1,1.0,0,0,0.0,0.333,0.0,0.333
LuisLDeLosSantosDeLosSantosB,NYM,13,29,2,5,2,0,0,1,2,10.0,0,0,0.172,.226,0.241,.467
OmarODeLosSantosDeLosSantosCF,NYM,3,5,0,0,0,0,0,0,0,3.0,0,0,0.0,0.0,0.0,0.0
JosueJDePaulaDePaulaLF,LAD,4,4,2,0,0,0,0,0,3,1.0,0,0,0.0,0.429,0.0,0.429
LeodalisLDeVriesDeVriesSS,SD,3,6,1,1,1,0,0,0,1,1.0,0,0,0.167,0.286,0.333,0.619
PaulPDeJongDeJongB,WSH,2,5,2,2,0,0,0,1,0,2.0,0,0,0.4,0.4,0.4,0.8
ZachZDeLoachDeLoachX,CWS,3,4,0,1,0,0,0,0,2,1.0,0,0,0.25,0.5,0.25,0.75
JonnyJDeLucaDeLucaCF,TB,1,2,0,0,0,0,0,0,0,0.0,0,0,0.0,0.0,0.0,0.0
JustinJDeanDeanCF,LAD,6,6,2,0,0,0,0,0,3,3.0,1,0,0.0,0.333,0.0,0.333
TylerTDeardenDeardenLF,MIN,1,1,0,0,0,0,0,0,0,0.0,0,0,0.0,0.0,0.0,0.0
AdrianADelCastilloDelCastilloDH,AZ,3,7,0,0,0,0,0,0,0,3.0,0,0,0.0,0.0,0.0,0.0
JasonJDelayDelayC,PIT,134,337,38,78,20,1,2,35,26,94.0,0,2,0.231,.295,0.315,.610
RaynelRDelgadoDelgadoB,MIL,2,3,1,1,0,0,0,0,1,0.0,0,0,0.333,0.5,0.333,0.833
CamCDevanneyDevanneySS,KC,2,3,1,1,0,0,0,0,2,0.0,1,0,0.333,0.6,0.333,0.933
JoseJDeversDeversB,CLE,1,3,1,1,1,0,0,0,0,0.0,0,0,0.333,0.333,0.667,1.0
JosJDeversDeversB,ATL,3,4,0,0,0,0,0,0,1,1.0,0,0,0.0,0.2,0.0,0.2
ZachZDezenzoDezenzoLF,HOU,2,6,1,2,0,0,0,2,0,1.0,0,0,0.333,0.333,0.333,0.666
JhonJDiazDiazCF,TB,1,2,0,0,0,0,0,0,0,1.0,0,0,0.0,0.0,0.0,0.0
YainerYDiazDiazC,HOU,258,948,121,276,52,3,39,145,36,183.0,2,0,0.291,.317,0.476,.793
DylanDDoddDoddP,ATL,1,0,0,0,0,0,0,0,0,0.0,0,0,0.0,0.0,0.0,0.0
JassonJDomnguezDomnguezLF,NYY,26,87,14,18,2,0,6,11,13,27.0,6,0,0.207,.310,0.437,.747
BrendanBDonovanDonovanB,STL,2,5,0,0,0,0,0,0,0,1.0,0,0,0.0,0.0,0.0,0.0
TommyTDoyleDoyleP,COL,2,0,0,0,0,0,0,0,0,0.0,0,0,0.0,0.0,0.0,0.0
LoganLDriscollDriscollC,TB,15,35,2,6,0,0,1,5,1,6.0,0,0,0.171,.189,0.257,.446
BrandonBDruryDruryB,CWS,867,2915,337,713,170,9,109,375,188,718.0,5,8,0.245,.296,0.421,.717
MauricioMDubnDubnB,HOU,2,5,0,0,0,0,0,0,0,1.0,0,0,0.0,0.0,0.0,0.0
TitusTDumitruDumitruX,ATL,1,1,0,0,0,0,0,0,0,1.0,0,0,0.0,0.0,0.0,0.0
ClayCDunganDunganB,SD,4,5,1,2,0,0,0,0,1,1.0,0,0,0.4,0.5,0.4,0.9
BlakeBDunnDunnCF,CIN,2,2,0,0,0,0,0,0,0,0.0,0,0,0.0,0.0,0.0,0.0
NickNDunnDunnB,SEA,2,6,1,3,1,0,0,2,0,1.0,0,0,0.5,0.5,0.667,1.167
EzequielEDuranDuranB,TEX,3,7,2,2,1,0,0,0,1,1.0,0,0,0.286,0.375,0.429,0.804
JarrenJDuranDuranLF,BOS,1,3,0,1,0,0,0,0,0,0.0,0,0,0.333,0.333,0.333,0.666
CalebCDurbinDurbinB,MIL,3,8,2,1,0,0,0,0,2,2.0,0,0,0.125,0.3,0.125,0.425
RodolfoRDurnDurnC,SD,2,3,0,1,0,0,0,1,1,0.0,0,0,0.333,0.5,0.333,0.833
EliasEDazDazC,SD,724,2317,242,582,123,4,62,297,169,480.0,2,2,0.251,.304,0.388,.692
YandyYDazDazB,TB,754,2712,392,782,155,6,75,341,352,466.0,8,7,0.288,.373,0.433,.806
NateNEatonEatonRF,BOS,72,159,18,32,4,3,1,13,12,51.0,14,1,0.201,.266,0.283,.549
TommyTEdmanEdmanB,LAD,3,9,1,1,0,0,0,0,0,2.0,0,0,0.111,0.111,0.111,0.222
XavierXEdwardsEdwardsSS,MIA,100,343,51,110,15,5,1,29,36,66.0,36,4,0.321,.383,0.402,.785
DukeDEllisEllisRF,NYY,2,4,0,0,0,0,0,0,0,3.0,0,0,0.0,0.0,0.0,0.0
ColtCEmersonEmersonSS,SEA,3,5,1,0,0,0,0,0,1,1.0,2,0,0.0,0.167,0.0,0.167
JerarJEncarnacionEncarnacionB,SF,3,8,0,4,2,0,0,2,0,1.0,0,0,0.5,0.5,0.75,1.25
ChristianCEncarnacionStrandEncarnacionStrandB,CIN,92,338,42,82,13,0,15,53,18,104.0,2,0,0.243,.291,0.414,.705
TristinTEnglishEnglishB,AZ,3,5,2,3,0,0,0,2,1,0.0,0,0,0.6,0.667,0.6,1.267
JCJEscarraEscarraC,NYY,2,5,0,1,0,0,0,0,0,0.0,0,0,0.2,0.2,0.2,0.4
ThairoTEstradaEstradaB,COL,469,1580,216,397,70,6,48,195,78,342.0,52,15,0.251,.300,0.394,.694
MatthewMEtzelEtzelLF,TB,4,6,0,0,0,0,0,0,0,0.0,0,0,0.0,0.0,0.0,0.0
AJAEwingEwingDH,NYM,1,1,0,0,0,0,0,0,0,1.0,0,0,0.0,0.0,0.0,0.0
JudJFabianFabianX,BAL,2,2,2,1,0,0,0,0,2,1.0,0,1,0.5,0.75,0.5,1.25
StuartSFairchildFairchildCF,CIN,249,540,84,121,29,3,18,66,51,166.0,23,6,0.224,.308,0.389,.697
WillyWFanasFanasRF,NYM,1,1,0,0,0,0,0,0,0,0.0,0,0,0.0,0.0,0.0,0.0
KyleKFarmerFarmerB,COL,707,1895,221,474,88,7,55,254,117,421.0,16,16,0.25,.310,0.391,.701
TrentTFarquharFarquharB,PHI,1,1,0,1,1,0,0,0,0,0.0,0,0,1.0,1.0,2.0,3.0
MaxMFergusonFergusonLF,BOS,2,3,0,1,0,0,0,2,0,2.0,0,0,0.333,0.333,0.333,0.666
FreddyFFerminFerminC,KC,184,563,67,153,24,1,15,68,36,119.0,2,1,0.272,.316,0.398,.714
JosJFermnFermnB,STL,66,122,9,23,2,1,0,8,13,19.0,2,2,0.189,.283,0.221,.504
YanquielYFernandezFernandezDH,COL,5,11,4,5,2,0,0,2,2,2.0,0,0,0.455,0.538,0.636,1.174
YeinerYFernandezFernandezB,LAD,1,2,0,0,0,0,0,0,0,1.0,0,0,0.0,0.0,0.0,0.0
PascanelPFerrerasFerrerasB,HOU,2,3,0,0,0,0,0,1,0,2.0,0,0,0.0,0.0,0.0,0.0
RyanRFitzgeraldFitzgeraldSS,MIN,3,2,1,0,0,0,0,0,1,0.0,0,0,0.0,0.5,0.0,0.5
JuanJFloresFloresC,LAA,2,4,0,1,0,0,0,0,1,1.0,0,0,0.25,0.4,0.25,0.65
RafaelRFloresFloresX,NYY,3,4,0,1,0,0,0,0,0,0.0,0,0,0.25,0.25,0.25,0.5
WilmerWFloresFloresB,SF,1212,3862,474,1006,203,5,153,532,294,583.0,5,3,0.26,.317,0.434,.751
ColeCFontenelleFontenelleB,LAA,2,4,1,1,0,1,0,0,0,1.0,0,0,0.25,0.25,0.75,1.0
HarryHFordFordC,SEA,3,6,2,3,0,0,0,3,0,0.0,1,0,0.5,0.571,0.5,1.071
MikeMFordFordB,MIN,252,687,84,141,22,1,37,89,78,203.0,0,0,0.205,.298,0.402,.700
NickNFortesFortesC,MIA,304,850,108,189,32,1,23,86,49,153.0,10,6,0.222,.275,0.344,.619
JustinJFoscueFoscueDH,TEX,4,8,2,2,2,0,0,2,1,3.0,0,0,0.25,0.333,0.5,0.833
ColeCFosterFosterB,SF,1,2,0,0,0,0,0,0,0,2.0,0,0,0.0,0.0,0.0,0.0
RioRFosterFosterLF,LAA,1,1,0,0,0,0,0,0,0,1.0,0,0,0.0,0.0,0.0,0.0
JakeJFraleyFraleyRF,CIN,392,1182,151,294,56,3,41,156,137,291.0,57,14,0.249,.333,0.405,.738
ChristianCFranklinFranklinCF,CHC,5,8,2,1,0,0,0,1,1,1.0,1,0,0.125,0.222,0.125,0.347
AdamAFrazierFrazierB,PIT,1066,3425,468,903,180,28,60,339,282,515.0,55,32,0.264,.327,0.385,.712
AlexAFreelandFreelandX,LAD,2,2,1,1,0,0,0,0,0,1.0,0,0,0.5,0.75,0.5,1.25
CodyCFreemanFreemanB,TEX,4,6,1,2,1,0,0,0,0,0.0,0,0,0.333,0.333,0.5,0.833
TylerTFreemanFreemanB,CLE,2,3,2,2,1,0,0,3,1,0.0,0,0,0.667,0.75,1.0,1.75
SalSFrelickFrelickLF,MIL,2,5,1,1,1,0,0,2,0,0.0,0,0,0.2,0.2,0.4,0.6
DayanDFriasFriasB,CLE,2,2,0,0,0,0,0,0,0,1.0,1,0,0.0,0.0,0.0,0.0
TJTFriedlFriedlCF,CIN,309,1041,150,266,38,14,40,148,97,184.0,43,9,0.256,.332,0.434,.766
BraxtonBFulfordFulfordC,COL,3,4,0,1,1,0,0,0,0,1.0,0,0,0.25,0.25,0.5,0.75
ColeLGabrielsonGabrielsonLF,NYY,3,3,0,0,0,0,0,0,0,0.0,0,0,0.0,0.0,0.0,0.0
JoeyJGalloGalloB,CWS,939,2869,463,557,107,10,208,453,497,1292.0,33,10,0.194,.319,0.456,.775
BenBGamelGamelRF,HOU,723,2046,283,516,112,15,41,204,243,571.0,22,15,0.252,.334,0.382,.716
AramisAGarciaGarciaC,AZ,119,308,27,65,5,0,10,25,10,117.0,0,1,0.211,.248,0.325,.573
EduardoEGarciaGarciaSS,MIL,2,2,0,0,0,0,0,0,0,1.0,0,0,0.0,0.0,0.0,0.0
JhostynxonJGarciaGarciaCF,BOS,3,4,0,0,0,0,0,0,0,2.0,0,0,0.0,0.0,0.0,0.0
MaikelMGarciaGarciaB,KC,289,1061,144,266,48,9,11,110,81,223.0,60,9,0.251,.301,0.344,.645
DavidDGarcaGarcaC,MIL,1,1,0,0,0,0,0,0,0,0.0,0,0,0.0,0.0,0.0,0.0
AdolisAGarcaGarcaRF,TEX,631,2344,344,560,117,7,122,384,183,740.0,61,17,0.239,.298,0.451,.749
LuisLGarcaJrGarcaB,WSH,465,1677,195,453,90,9,42,203,81,302.0,35,16,0.27,.302,0.41,.712
StoneSGarrettGarrettLF,WSH,2,4,0,0,0,0,0,1,0,2.0,0,0,0.0,0.0,0.0,0.0
AustinAGauthierGauthierB,LAD,5,9,0,0,0,0,0,0,3,5.0,0,0,0.0,0.25,0.0,0.25
ZackZGelofGelofDH,ATH,2,6,0,0,0,0,0,0,0,5.0,0,0,0.0,0.0,0.0,0.0
AngelAGenaoGenaoSS,CLE,2,4,1,2,0,0,0,1,1,1.0,0,0,0.5,0.6,0.5,1.1
RicardoRGenovsGenovsX,TB,3,7,1,1,0,0,0,0,0,2.0,0,0,0.143,0.143,0.143,0.286
AndrsAGimenezGimnezB,TOR,568,1937,251,505,88,11,49,222,110,403.0,99,15,0.261,.322,0.393,.715
PaulPGoldschmidtGoldschmidtB,NYY,1928,7119,1204,2056,446,23,362,1187,1050,1879.0,169,35,0.289,.381,0.51,.891
KenniKGomezGomezCF,HOU,2,2,0,1,0,0,0,0,1,0.0,1,0,0.5,0.667,0.5,1.167
NickNGonzalesGonzalesB,PIT,129,474,54,121,27,4,9,62,24,110.0,5,4,0.255,.300,0.386,.686
CristianCGonzalezGonzalezB,HOU,1,1,0,0,0,0,0,0,1,0.0,0,0,0.0,0.5,0.0,0.5
DomingoDGonzalezGonzalezP,ATL,2,0,0,0,0,0,0,0,0,0.0,0,0,0.0,0.0,0.0,0.0
JacobJGonzalezGonzalezB,CWS,2,2,1,1,1,0,0,1,0,0.0,0,0,0.5,0.333,1.0,1.333
OscarOGonzalezGonzalezRF,SD,4,11,2,5,2,0,0,2,0,1.0,0,0,0.455,0.455,0.636,1.091
HunterHGoodmanGoodmanC,COL,93,281,30,54,13,3,14,53,13,88.0,2,1,0.192,.233,0.409,.642
NikoNGoodrumGoodrumB,SD,415,1404,175,314,76,11,42,152,141,489.0,47,14,0.224,.297,0.383,.680
NickNGordonGordonCF,BAL,2,4,1,0,0,0,0,0,1,0.0,0,0,0.0,0.2,0.0,0.2
NolanNGormanGormanB,STL,315,1054,145,234,45,0,60,161,115,402.0,14,3,0.222,.301,0.435,.736
JaceJGradyGradyRF,ATL,1,1,0,0,0,0,0,0,0,0.0,0,0,0.0,0.0,0.0,0.0
KevinKGrahamGrahamLF,AZ,1,2,1,1,1,0,0,0,0,0.0,0,0,0.5,0.5,1.0,1.5
TristanTGrayGrayB,CWS,17,33,1,5,1,0,1,1,3,16.0,0,0,0.152,.222,0.273,.495
RandalRGrichukGrichukLF,AZ,3,7,0,1,0,0,0,0,1,3.0,0,0,0.143,0.25,0.143,0.393
KonnorKGriffinGriffinCF,PIT,1,1,1,1,0,0,0,1,0,0.0,0,0,1.0,1.0,1.0,2.0
VaughnVGrissomGrissomB,BOS,95,321,39,82,12,1,5,33,20,73.0,7,3,0.255,.309,0.346,.655
GinoGGrooverGrooverB,AZ,4,3,0,0,0,0,0,0,0,2.0,0,0,0.0,0.0,0.0,0.0
JordanJGroshansGroshansB,KC,17,61,9,16,0,0,1,2,4,13.0,0,0,0.262,.308,0.311,.619
VladimirVGuerreroJrGuerreroB,TOR,819,3145,475,905,177,6,160,507,349,551.0,20,10,0.288,.363,0.5,.863
GarretGGuillemetteGuillemetteB,HOU,1,1,1,1,1,0,0,0,0,0.0,0,0,1.0,1.0,2.0,3.0
LuisLGuillormeGuillormeSS,HOU,2,3,0,2,0,0,0,2,0,0.0,0,0,0.667,0.5,0.667,1.167
LourdesLGurrielJrGurrielLF,AZ,746,2788,361,778,158,9,110,411,168,582.0,26,15,0.279,.324,0.461,.785
YuliYGurrielGurrielB,SD,927,3398,439,952,225,8,98,468,223,429.0,28,9,0.28,.326,0.438,.764
AbrahanAGutierrezGutierrezC,PIT,1,1,1,1,0,0,0,1,0,0.0,0,0,1.0,1.0,1.0,2.0
DenzerDGuzmanGuzmanSS,LAA,2,3,1,1,0,1,0,0,1,1.0,0,0,0.333,0.5,1.0,1.5
EricEHaaseHaaseC,MIL,353,1063,123,242,38,3,46,151,72,345.0,6,1,0.228,.277,0.399,.676
AdamAHackenbergHackenbergX,CWS,1,1,0,0,0,0,0,0,0,0.0,0,0,0.0,0.0,0.0,0.0
SamSHaggertyHaggertyLF,TEX,202,422,67,98,19,2,9,40,44,121.0,33,3,0.232,.312,0.351,.663
AdamAHallHallX,MIL,1,2,0,0,0,0,0,0,0,0.0,0,0,0.0,0.0,0.0,0.0
DarickDHallHallB,PIT,60,190,21,43,9,1,10,19,7,62.0,0,0,0.226,.258,0.442,.700
PeteyPHalpinHalpinCF,CLE,3,5,0,1,0,0,0,0,0,2.0,0,0,0.2,0.2,0.2,0.4
DavidDHamiltonHamiltonSS,BOS,113,327,49,77,19,1,8,28,28,90.0,35,5,0.235,.298,0.373,.671
QuincyQHamiltonHamiltonLF,HOU,3,8,1,2,0,0,0,0,1,1.0,0,0,0.25,0.333,0.25,0.583
GarrettGHampsonHampsonB,AZ,3,7,3,2,0,0,0,0,1,2.0,1,0,0.286,0.375,0.286,0.661
MaverickMHandleyHandleyC,BAL,2,4,0,2,1,0,0,1,1,0.0,0,0,0.5,0.6,0.75,1.35
IanIHappHappLF,CHC,989,3276,480,812,185,16,150,478,453,1024.0,64,22,0.248,.343,0.451,.794
TylerTHardmanHardmanB,NYY,2,1,0,0,0,0,0,0,2,1.0,0,0,0.0,0.667,0.0,0.667
BrettBHarrisHarrisB,ATH,36,103,15,15,3,0,3,12,17,25.0,0,3,0.146,.276,0.262,.538
DakotaDHarrisHarrisB,STL,1,0,0,0,0,0,0,0,0,0.0,0,0,0.0,0.0,0.0,0.0
DustinDHarrisHarrisLF,TEX,3,7,0,1,1,0,0,1,0,2.0,0,0,0.143,0.125,0.286,0.411
MichaelMHarrisIIHarrisCF,ATL,362,1359,209,387,74,9,53,169,69,302.0,50,12,0.285,.325,0.469,.794
KeBryanKHayesHayesB,PIT,476,1811,224,467,91,14,37,176,139,408.0,51,14,0.258,.313,0.385,.698
KyleKHayesHayesX,KC,3,5,0,1,1,0,0,1,0,3.0,0,0,0.2,0.2,0.4,0.6
AustinAHedgesHedgesC,CLE,753,2129,199,397,63,2,69,238,142,651.0,15,3,0.186,.243,0.315,.558
JonahJHeimHeimC,TEX,484,1625,184,371,73,2,57,239,125,334.0,8,2,0.228,.285,0.381,.666
TylerTHeinemanHeinemanC,TOR,112,260,27,55,11,1,1,15,23,41.0,3,0,0.212,.298,0.273,.571
MichaelMHelmanHelmanRF,STL,4,5,1,0,0,0,0,0,0,3.0,0,0,0.0,0.167,0.0,0.167
GunnarGHendersonHendersonSS,BAL,343,1306,230,350,67,17,69,192,150,352.0,32,8,0.268,.346,0.504,.850
PaytonPHenryHenryC,PHI,20,43,2,8,1,0,0,4,6,13.0,0,0,0.186,.314,0.209,.523
DarellDHernaizHernaizSS,ATH,3,6,0,0,0,0,0,0,0,1.0,0,0,0.0,0.0,0.0,0.0
DiegoDHernandezHernandezCF,KC,1,1,0,0,0,0,0,0,0,0.0,0,0,0.0,0.0,0.0,0.0
HeribertoHHernandezHernandezLF,MIA,2,4,1,2,1,0,0,4,1,1.0,0,0,0.5,0.6,0.75,1.35
OmarOHernandezHernandezC,KC,1,2,0,1,0,0,0,2,1,0.0,2,0,0.5,0.667,0.5,1.167
EnriqueKHernndezHernndezB,LAD,1183,3487,485,830,192,15,120,435,340,772.0,17,6,0.238,.308,0.405,.713
RonaldoRHernndezHernndezX,NYY,2,4,0,1,0,0,0,0,0,1.0,0,0,0.25,0.25,0.25,0.5
TeoscarTHernndezHernndezRF,LAD,3,7,3,3,1,0,0,0,1,0.0,0,0,0.429,0.5,0.571,1.071
YonnyYHernndezHernndezB,NYM,4,4,0,2,0,0,0,1,2,0.0,0,0,0.5,0.667,0.5,1.167
IvnIHerreraHerreraC,STL,96,284,43,82,14,1,5,32,32,72.0,5,0,0.289,.365,0.398,.763
JoseJHerreraHerreraC,AZ,132,309,35,64,11,1,1,25,31,91.0,1,0,0.207,.278,0.259,.537
JimmyJHerronHerronLF,MIL,3,6,1,2,0,0,0,0,0,2.0,0,0,0.333,0.333,0.333,0.666
JasonJHeywardHeywardLF,SD,2,2,1,0,0,0,0,0,2,2.0,0,0,0.0,0.5,0.0,0.5
NathanNHickeyHickeyB,BOS,3,4,1,1,0,0,0,0,0,1.0,0,0,0.25,0.25,0.25,0.5
BrewerBHicklenHicklenRF,MIL,9,9,1,0,0,0,0,0,0,8.0,1,0,0.0,.000,0.0,.000
LiamLHicksHicksC,MIA,1,2,0,1,0,0,0,0,0,0.0,0,0,0.5,0.5,0.5,1.0
KyleKHigashiokaHigashiokaC,TEX,398,1104,123,234,48,1,57,166,66,318.0,2,1,0.212,.255,0.412,.667
PJPHigginsHigginsB,CIN,1,1,0,1,0,0,0,2,0,0.0,0,0,1.0,1.0,1.0,2.0
GJGHillHillB,COL,1,1,0,0,0,0,0,0,0,1.0,0,0,0.0,0.0,0.0,0.0
SamSHilliardHilliardCF,COL,3,9,1,1,0,0,0,0,0,5.0,0,0,0.111,0.111,0.111,0.222
ReceRHindsHindsRF,CIN,24,46,9,12,4,1,5,11,4,16.0,2,0,0.261,.333,0.717,1.050
KestonKHiuraHiuraB,COL,294,965,132,227,44,4,50,133,78,390.0,20,8,0.235,.313,0.445,.758
CalebCHobsonHobsonCF,COL,1,1,0,0,0,0,0,0,0,0.0,0,0,0.0,0.0,0.0,0.0
KodyKHoeseHoeseB,LAD,6,11,1,3,2,0,0,5,0,3.0,0,0,0.273,0.273,0.455,0.728
WillWHollandHollandSS,MIN,40,143,13,27,1,2,0,16,9,28.0,4,--,0.189,.247,0.224,.471
JacksonJHollidayHollidayB,BAL,60,190,28,36,4,2,5,23,15,69.0,4,0,0.189,.255,0.311,.566
JakeJHoltonHoltonB,DET,1,1,1,0,0,0,0,0,1,1.0,0,0,0.0,0.667,0.0,0.667
BradyBHouseHouseB,WSH,2,4,2,1,0,0,0,1,2,0.0,0,0,0.25,0.5,0.25,0.75
CarterCHowellHowellRF,SF,2,2,1,1,0,0,0,1,0,0.0,0,0,0.5,0.5,0.5,1.0
KodyKHuffHuffC,CLE,2,1,2,0,0,0,0,0,2,0.0,0,0,0.0,0.667,0.0,0.667
CooperCHummelHummelB,HOU,2,5,2,1,0,0,0,0,0,1.0,0,0,0.2,0.333,0.2,0.533
BlakeBHuntHuntC,SEA,2,3,0,2,1,0,0,1,0,0.0,0,0,0.667,0.667,1.0,1.667
JackJHurleyHurleyCF,AZ,1,1,0,1,0,0,0,2,1,0.0,0,0,1.0,1.0,1.0,2.0
JacobJHurtubiseHurtubiseLF,CIN,29,54,7,10,1,1,0,4,6,18.0,2,0,0.185,.297,0.241,.538
AndyAIbezIbezB,DET,329,952,116,244,51,5,24,107,63,188.0,6,3,0.256,.305,0.396,.701
RyanRIgnoffoIgnoffoX,MIA,1,2,0,1,0,0,0,1,0,0.0,0,0,0.5,0.5,0.5,1.0
JonathanJIndiaIndiaLF,KC,3,7,2,3,0,0,0,0,1,1.0,0,0,0.429,0.6,0.429,1.029
CooperJIngleIngleX,CLE,2,2,0,2,0,0,0,3,2,0.0,0,0,1.0,1.0,1.0,2.0
XavierXIsaacIsaacDH,TB,1,1,0,0,0,0,0,0,1,1.0,0,0,0.0,0.5,0.0,0.5
KyleKIsbelIsbelCF,KC,361,1008,155,233,50,16,19,111,67,245.0,29,9,0.231,.283,0.369,.652
AlexAJacksonJacksonC,NYY,124,302,30,40,12,0,6,24,26,142.0,1,0,0.132,.224,0.232,.456
JeremiahJJacksonJacksonB,BAL,2,2,1,1,0,0,0,1,1,0.0,0,0,0.5,0.667,0.5,1.167
TravisTJankowskiJankowskiRF,CHC,681,1507,212,355,52,10,11,96,173,361.0,102,25,0.236,.319,0.305,.624
ChaseCJaworskyJaworskyB,HOU,1,0,0,0,0,0,0,1,0,0.0,0,0,0.0,0.0,0.0,0.0
RyanRJeffersJeffersC,MIN,396,1232,160,284,57,4,59,176,115,376.0,6,3,0.231,.310,0.427,.737
CarlosCJimenezJimenezRF,SEA,2,5,0,2,1,0,0,2,0,0.0,0,0,0.4,0.4,0.6,1.0
LeoLJimnezJimenezSS,TOR,63,179,18,41,11,0,4,19,12,59.0,0,0,0.229,.329,0.358,.687
EloyEJimnezJimnezDH,TB,534,1966,233,528,91,2,95,298,138,482.0,3,0,0.269,.318,0.462,.780
ConnorCJoeJoeB,SD,438,1375,192,333,82,9,35,141,176,344.0,11,9,0.242,.337,0.391,.728
BryceBJohnsonJohnsonLF,PIT,2,3,0,2,0,0,0,1,1,0.0,0,0,0.667,0.75,0.667,1.417
CooperCJohnsonJohnsonC,TEX,2,1,0,0,0,0,0,0,0,1.0,0,0,0.0,0.0,0.0,0.0
TermarrTJohnsonJohnsonX,PIT,2,4,0,1,0,0,0,1,0,2.0,0,0,0.25,0.25,0.25,0.5
IvanIJohnsonJohnsonLF,CIN,3,3,0,0,0,0,0,0,0,2.0,0,0,0.0,0.25,0.0,0.25
TroyTJohnstonJohnstonRF,MIA,2,3,1,2,0,0,0,0,1,0.0,0,0,0.667,0.75,0.667,1.417
BrendanBJonesJonesCF,NYY,3,4,0,1,0,0,0,1,2,2.0,1,0,0.25,0.5,0.25,0.75
GregGJonesJonesCF,COL,3,4,2,0,0,0,0,0,2,4.0,1,0,0.0,0.333,0.0,0.333
JahmaiJJonesJonesLF,DET,3,6,1,2,1,0,0,1,1,3.0,0,0,0.333,0.429,0.5,0.929
NolanNJonesJonesLF,COL,213,709,98,188,40,5,25,103,97,248.0,25,8,0.265,.355,0.441,.796
BlazeBJordanJordanX,BOS,1,1,0,0,0,0,0,0,1,0.0,0,0,0.0,0.5,0.0,0.5
DakotaDJordanJordanCF,SF,2,3,1,1,1,0,0,0,0,0.0,0,0,0.333,0.333,0.667,1.0
LeviLJordanJordanX,CIN,2,2,1,2,0,0,0,0,0,0.0,0,0,1.0,1.0,1.0,2.0
EdouardEJulienJulienB,MIN,203,604,96,142,25,1,24,58,97,230.0,9,0,0.235,.343,0.399,.742
JaceJJungJungB,DET,34,79,14,19,5,0,0,3,15,29.0,0,1,0.241,.362,0.304,.666
JoshJJungJungB,TEX,194,754,103,194,34,3,35,100,42,238.0,7,3,0.257,.301,0.45,.751
EvanJJusticeJusticeP,COL,2,0,0,0,0,0,0,0,0,0.0,0,0,0.0,0.0,0.0,0.0
ConnorCKaiserKaiserB,AZ,3,5,0,0,0,0,0,1,0,2.0,0,0,0.0,0.0,0.0,0.0
BraedonBKarpathiosKarpathiosLF,SD,1,2,0,0,0,0,0,0,0,2.0,0,0,0.0,0.0,0.0,0.0
KyleKKarrosKarrosB,COL,5,10,3,4,1,0,0,2,2,4.0,0,0,0.4,0.5,0.5,1.0
JoshJKasevichKasevichSS,TOR,2,3,1,1,0,0,0,2,1,0.0,0,0,0.333,0.5,0.333,0.833
KobeKKatoKatoB,ATL,1,0,0,0,0,0,0,0,1,0.0,0,0,0.0,1.0,0.0,1.0
NikoNKavadasKavadasX,LAA,4,10,1,2,1,0,0,0,0,5.0,0,0,0.2,0.2,0.3,0.5
LukeLKeaschallKeaschallX,MIN,3,3,0,1,0,0,0,2,2,0.0,1,0,0.333,0.6,0.333,0.933
DominicDKeeganKeeganX,TB,1,2,0,0,0,0,0,0,0,2.0,0,0,0.0,0.0,0.0,0.0
DaShawnDKeirseyJrKeirseyRF,MIN,3,4,0,2,0,0,0,2,2,0.0,1,0,0.5,0.667,0.5,1.167
ColtCKeithKeithB,DET,148,516,54,134,15,4,13,61,36,110.0,7,1,0.26,.309,0.38,.689
DamonDKeithKeithLF,LAD,1,2,0,1,0,0,0,0,0,1.0,0,0,0.5,0.5,0.5,1.0
JarredJKelenicKelenicRF,ATL,2,6,0,1,1,0,0,0,0,2.0,0,0,0.167,0.167,0.333,0.5
OttoOKempKempB,PHI,3,6,1,3,1,0,0,1,1,1.0,0,0,0.5,0.571,0.667,1.238
MaxMKeplerKeplerLF,PHI,1,2,1,1,0,0,0,2,1,1.0,0,0,0.5,0.667,0.5,1.167
GraeGKessingerKessingerSS,AZ,3,5,1,1,0,0,0,0,0,3.0,0,0,0.2,0.2,0.2,0.4
CarterCKieboomKieboomX,LAA,3,3,0,1,0,0,0,0,2,1.0,0,0,0.333,0.6,0.333,0.933
KevinKKilpatrickJrKilpatrickCF,ATL,2,4,1,1,0,0,0,0,0,2.0,0,0,0.25,0.25,0.25,0.5
HyeseongHKimKimSS,LAD,4,9,0,1,0,0,0,0,2,4.0,0,0,0.111,0.273,0.111,0.384
IsiahIKinerFalefaKinerFalefaSS,PIT,2,4,0,0,0,0,0,0,0,0.0,0,0,0.0,0.0,0.0,0.0
ScottSKingeryKingeryB,LAA,3,7,1,3,1,0,0,0,0,1.0,0,0,0.429,0.429,0.571,1.0
AlejandroAKirkKirkC,TOR,434,1371,139,362,64,1,36,187,160,180.0,0,0,0.264,.344,0.391,.735
BillBKnightKnightLF,SEA,2,5,1,1,0,0,0,0,0,1.0,0,0,0.2,0.2,0.2,0.4
AndrewAKniznerKniznerC,WSH,293,804,89,169,32,0,18,85,63,204.0,4,1,0.21,.279,0.317,.596
MarkMKolozsvaryKolozsvaryC,BOS,11,20,3,4,2,0,1,3,1,9.0,0,0,0.2,.238,0.45,.688
MattMKoperniakKoperniakLF,STL,3,6,2,3,0,0,0,1,1,1.0,1,0,0.5,0.571,0.5,1.071
RyanRKreidlerKreidlerB,DET,2,3,1,1,1,0,0,0,1,1.0,0,0,0.333,0.5,0.667,1.167
MattMKroonKroonCF,PHI,2,5,0,0,0,0,0,0,0,4.0,0,0,0.0,0.0,0.0,0.0
NickNKurtzKurtzB,ATH,4,6,1,2,0,0,0,2,2,1.0,0,0,0.333,0.5,0.333,0.833
JakeJLambLambB,SF,724,2309,335,543,112,22,96,342,295,689.0,18,12,0.235,.326,0.427,.753
SheaSLangeliersLangeliersC,ATH,312,1072,124,231,47,7,57,165,84,341.0,7,4,0.215,.276,0.432,.708
RafaelRLantiguaLantiguaB,PHI,3,5,0,1,0,0,0,1,1,2.0,0,0,0.2,0.333,0.2,0.533
LuisLLaraLaraCF,MIL,3,6,1,2,0,0,0,2,1,1.0,0,0,0.333,0.375,0.333,0.708
TrevorTLarnachLarnachDH,MIN,1,2,0,0,0,0,0,0,0,0.0,0,0,0.0,0.0,0.0,0.0
RamnRLaureanoLaureanoLF,BAL,2,4,0,1,0,0,0,1,0,0.0,0,0,0.25,0.25,0.25,0.5
BryanBLavastidaLavastidaC,HOU,6,12,0,1,0,0,0,0,3,4.0,0,0,0.083,.267,0.083,.350
DarioDLaverdeLaverdeC,LAA,1,0,0,0,0,0,0,0,1,0.0,0,0,0.0,1.0,0.0,1.0
JordanJLawlarLawlarSS,AZ,14,31,2,4,0,0,0,0,2,11.0,1,1,0.129,.206,0.129,.335
CharlesCLeblancLeblancB,ATL,59,177,24,45,10,0,6,17,19,62.0,4,2,0.254,.330,0.412,.742
BrooksBLeeLeeB,MIN,2,5,0,0,0,0,0,0,0,0.0,0,0,0.0,0.0,0.0,0.0
HaoYuHLeeLeeB,DET,2,5,0,0,0,0,0,0,1,2.0,0,0,0.0,0.167,0.0,0.167
KoreyKLeeLeeC,CWS,161,467,41,88,17,1,13,44,23,151.0,6,3,0.188,.227,0.313,.540
PatrickPLeeLeeCF,DET,1,1,0,0,0,0,0,0,0,1.0,0,0,0.0,0.0,0.0,0.0
EddysELeonardLeonardB,DET,2,5,0,1,0,0,0,0,0,0.0,0,0,0.2,0.2,0.2,0.4
RoyceRLewisLewisB,MIN,152,549,81,147,27,0,33,104,49,134.0,6,1,0.268,.327,0.497,.824
PedroPLenLenCF,HOU,1,3,0,0,0,0,0,0,0,1.0,0,0,0.0,0.0,0.0,0.0
AhbramALiendoLiendoSS,BOS,1,1,0,0,0,0,0,0,0,1.0,0,0,0.0,0.0,0.0,0.0
DaylenDLileLileLF,WSH,3,4,1,1,0,0,0,1,1,0.0,0,0,0.25,0.4,0.25,0.65
LyleLLinLinC,ATH,2,0,1,0,0,0,0,0,0,0.0,0,0,0.0,0.0,0.0,0.0
FranciscoFLindorLindorSS,NYM,1375,5442,894,1492,304,26,248,770,523,989.0,185,45,0.274,.342,0.476,.818
AndreALipciusLipciusB,CWS,13,35,3,10,1,0,1,4,3,8.0,0,0,0.286,.342,0.4,.742
TreyTLipscombLipscombB,WSH,61,190,20,38,3,0,1,10,16,40.0,11,2,0.2,.268,0.232,.500
ThayronTLiranzoLiranzoX,DET,2,4,0,0,0,0,0,0,0,2.0,0,0,0.0,0.0,0.0,0.0
TylerTLocklearLocklearB,SEA,16,45,3,7,1,0,2,3,3,20.0,1,0,0.156,.224,0.311,.535
BrandonBLockridgeLockridgeCF,SD,2,4,1,1,0,0,0,0,1,0.0,0,1,0.25,0.4,0.25,0.65
GriffinGLockwoodPowellLockwoodPowellX,LAD,6,10,1,2,1,0,0,1,1,5.0,0,0,0.2,0.273,0.3,0.573
NickNLoftinLoftinB,KC,76,210,25,48,9,1,1,24,23,36.0,3,0,0.229,.307,0.295,.602
CalebCLomavitaLomavitaC,WSH,1,1,0,0,0,0,0,0,0,1.0,0,0,0.0,0.0,0.0,0.0
GeorgeGLombardJrLombardB,NYY,3,5,1,1,0,0,0,0,1,1.0,0,1,0.2,0.333,0.2,0.533
JonathonJLongLongB,CHC,5,11,1,1,0,0,0,3,1,2.0,0,0,0.091,0.167,0.091,0.258
JoeyJLoperfidoLoperfidoCF,TOR,2,2,0,1,1,0,0,0,0,0.0,0,0,0.5,0.5,1.0,1.5
AlejoALopezLopezB,ATH,76,170,19,45,6,1,1,11,9,27.0,3,1,0.265,.309,0.329,.638
NickyNLopezLopezSS,CHC,3,8,1,3,0,0,0,0,2,1.0,0,0,0.375,0.5,0.375,0.875
OttoOLopezLopezB,MIA,126,413,49,115,23,1,6,42,26,77.0,20,5,0.278,.321,0.383,.704
NickNLorussoLorussoB,NYM,2,2,0,0,0,0,0,0,0,1.0,0,0,0.0,0.0,0.0,0.0
BrandonBLoweLoweB,TB,611,2150,336,527,107,12,126,363,244,668.0,30,3,0.245,.330,0.482,.812
NathanielNLoweLoweB,WSH,686,2478,334,673,114,10,89,329,314,677.0,14,2,0.272,.356,0.433,.789
JoshJLoweLoweRF,TB,295,1001,132,262,64,6,32,130,79,313.0,61,4,0.262,.316,0.434,.750
NickNLuckyLuckyB,MIN,1,1,0,0,0,0,0,0,0,0.0,0,0,0.0,0.0,0.0,0.0
MatthewMLugoLugoLF,LAA,3,9,0,4,0,0,0,1,0,3.0,0,0,0.444,0.444,0.444,0.888
WilliamWLugoLugoB,NYM,3,4,0,0,0,0,0,0,1,1.0,0,0,0.0,0.2,0.0,0.2
NathanNLukesLukesRF,TOR,2,3,0,0,0,0,0,0,1,1.0,0,0,0.0,0.25,0.0,0.25
GavinGLuxLuxB,CIN,412,1333,194,336,62,14,28,155,145,331.0,19,5,0.252,.326,0.383,.709
JackJLpezLpezX,SEA,2,3,2,1,1,0,0,2,0,0.0,0,0,0.333,0.333,0.667,1.0
WillieWMacIverMacIverC,ATH,1,1,0,0,0,0,0,0,1,0.0,0,0,0.0,0.5,0.0,0.5
DixonDMachadoMachadoSS,CHC,177,473,45,107,21,2,2,37,35,96.0,3,1,0.226,.285,0.292,.577
JoeJMackMackX,MIA,2,4,2,3,1,0,0,1,1,0.0,0,0,0.75,0.8,1.0,1.8
NickNMadrigalMadrigalSS,NYM,1,0,0,0,0,0,0,0,0,0.0,0,0,0.0,0.0,0.0,0.0
BlighBMadrisMadrisRF,DET,2,4,0,0,0,0,0,0,0,0.0,0,0,0.0,0.0,0.0,0.0
MartnMMaldonadoMaldonadoC,SD,1167,3449,358,701,132,4,115,372,296,1050.0,3,5,0.203,.278,0.344,.622
JustynHenryJMalloyMalloyB,DET,3,6,1,2,1,0,0,0,0,0.0,0,0,0.333,0.333,0.5,0.833
TreyTManciniManciniB,AZ,831,3051,407,801,156,11,129,400,265,795.0,2,1,0.263,.328,0.448,.776
JakeJMangumMangumCF,TB,2,3,0,0,0,0,0,0,0,1.0,0,0,0.0,0.0,0.0,0.0
RafaelRMarchnMarchnC,PHI,40,111,18,31,5,1,5,13,8,20.0,0,0,0.279,.333,0.477,.810
JakeJMarisnickMarisnickLF,ATL,2,4,0,1,0,0,0,1,1,1.0,1,0,0.25,0.4,0.25,0.65
CadeCMarloweMarloweLF,SEA,42,96,15,23,3,2,3,11,13,34.0,4,2,0.24,.330,0.406,.736
BrandonBMarshMarshCF,PHI,2,4,0,0,0,0,0,0,1,0.0,0,0,0.0,0.2,0.0,0.2
KetelKMarteMarteB,AZ,1104,4054,601,1137,242,43,143,515,407,726.0,61,17,0.28,.348,0.467,.815
NoelviNMarteMarteB,CIN,101,343,39,84,16,0,7,33,17,100.0,15,5,0.245,.288,0.353,.641
AustinAMartinMartinLF,MIN,2,3,2,1,0,0,0,0,2,1.0,1,0,0.333,0.6,0.333,0.933
OmarOMartinezMartinezC,NYY,1,2,0,0,0,0,0,0,0,0.0,0,0,0.0,0.0,0.0,0.0
NickNMartiniMartiniB,COL,193,500,71,126,21,7,13,70,55,125.0,1,4,0.252,.336,0.4,.736
NathanNMartorellaMartorellaB,MIA,2,4,0,0,0,0,0,0,0,2.0,0,0,0.0,0.0,0.0,0.0
AngelAMartnezMartnezB,CLE,2,4,0,0,0,0,0,0,1,1.0,0,0,0.0,0.2,0.0,0.2
MichaelMMasseyMasseyB,KC,281,933,103,226,44,4,33,117,48,201.0,10,2,0.242,.287,0.404,.691
MilesMMastrobuoniMastrobuoniB,SEA,2,3,1,1,0,1,0,0,1,0.0,0,0,0.333,0.5,1.0,1.5
JuanJMatheusMatheusB,NYY,1,1,0,1,0,0,0,0,0,0.0,0,0,1.0,1.0,1.0,2.0
NickNMatonMatonB,CWS,3,5,0,0,0,0,0,0,0,2.0,0,0,0.0,0.0,0.0,0.0
LuisLMatosMatosRF,SF,508,1605,212,410,84,9,30,140,108,297.0,72,24,0.255,.312,0.375,.687
BriceBMatthewsMatthewsB,HOU,2,4,1,1,1,0,0,1,1,1.0,0,0,0.25,0.4,0.5,0.9
MarceloMMayerMayerB,BOS,3,8,0,2,0,0,0,1,1,2.0,0,0,0.25,0.333,0.25,0.583
CobyCMayoMayoB,BAL,17,41,4,4,0,0,0,0,4,22.0,0,0,0.098,.196,0.098,.294
CharlesCMcAdooMcAdooB,TOR,2,4,0,0,0,0,0,0,0,1.0,0,0,0.0,0.0,0.0,0.0
DavidDMcCabeMcCabeB,ATL,1,1,0,0,0,0,0,0,0,0.0,0,0,0.0,0.0,0.0,0.0
KyleKMcCannMcCannX,ATH,2,1,0,0,0,0,0,0,1,1.0,0,0,0.0,0.5,0.0,0.5
JakeJMcCarthyMcCarthyRF,AZ,3,9,1,1,1,0,0,0,0,3.0,0,0,0.111,0.111,0.222,0.333
RyanRMcCartyMcCartyB,TOR,1,3,1,2,0,0,0,0,0,1.0,0,0,0.667,0.667,0.667,1.334
ChasCMcCormickMcCormickLF,HOU,436,1288,185,322,47,5,55,191,128,399.0,35,13,0.25,.324,0.422,.746
MasonMMcCoyMcCoyB,SD,4,4,0,0,0,0,0,0,2,1.0,0,0,0.0,0.333,0.0,0.333
CarsonCMcCuskerMcCuskerLF,MIN,2,1,1,0,0,0,0,0,1,1.0,0,0,0.0,0.5,0.0,0.5
TylerTMcDonoughMcDonoughLF,BOS,1,0,1,0,0,0,0,0,0,0.0,0,0,0.0,1.0,0.0,1.0
HaydnHMcGearyMcGearyX,CHC,2,2,0,1,1,0,0,1,0,1.0,0,0,0.5,0.5,1.0,1.5
ReeseRMcGuireMcGuireC,CHC,355,942,93,237,54,2,16,82,60,230.0,7,1,0.252,.300,0.364,.664
PaulPMcIntoshMcIntoshX,PHI,3,4,1,0,0,0,0,0,1,1.0,0,0,0.0,0.2,0.0,0.2
ZachZMcKinstryMcKinstryB,DET,2,4,1,1,0,0,0,0,0,0.0,0,0,0.25,0.25,0.25,0.5
MattMMcLainMcLainB,CIN,2,5,1,1,0,0,0,1,0,2.0,0,0,0.2,0.2,0.2,0.4
SeanSMcLainMcLainSS,LAD,4,6,2,1,1,0,0,0,2,2.0,0,0,0.167,0.375,0.333,0.708
RyanRMcMahonMcMahonB,COL,910,3031,407,736,152,10,124,417,353,983.0,28,18,0.243,.324,0.422,.746
JeffJMcNeilMcNeilB,NYM,801,2846,390,823,172,13,68,313,212,375.0,34,10,0.289,.353,0.43,.783
CurtisCMeadMeadB,TB,62,205,22,50,6,1,2,12,13,51.0,2,0,0.244,.300,0.312,.612
ParkerPMeadowsMeadowsCF,DET,119,395,58,95,16,8,12,41,42,113.0,17,5,0.241,.317,0.413,.730
WadeWMecklerMecklerLF,SF,4,5,0,1,0,0,0,1,2,1.0,0,0,0.2,0.429,0.2,0.629
ChaseCMeidrothMeidrothB,CWS,2,4,0,0,0,0,0,0,0,1.0,0,0,0.0,0.0,0.0,0.0
MJMMelendezMelendezLF,KC,412,1405,166,310,73,11,51,162,163,414.0,12,11,0.221,.303,0.397,.700
CarlosCMendozaMendozaB,DET,2,1,2,1,1,0,0,0,0,0.0,0,0,1.0,1.0,2.0,3.0
scarMercadoMercadoCF,PHI,1,2,0,1,0,0,0,0,0,0.0,0,0,0.5,0.5,0.5,1.0
JacksonJMerrillMerrillCF,SD,156,554,77,162,31,6,24,90,29,101.0,16,3,0.292,.326,0.5,.826
DavidDMershonMershonB,LAA,2,4,0,0,0,0,0,1,0,1.0,0,0,0.0,0.0,0.0,0.0
SkylerSMessingerMessingerB,COL,1,0,0,0,0,0,0,0,0,0.0,0,0,0.0,0.0,0.0,0.0
JakeJMeyersMeyersCF,HOU,361,1066,128,243,50,6,30,137,78,309.0,21,6,0.228,.292,0.371,.663
LuisLMiesesMiesesLF,TEX,1,1,0,0,0,0,0,0,0,0.0,0,0,0.0,0.0,0.0,0.0
DrewDMillasMillasC,WSH,31,85,8,22,3,0,2,7,9,21.0,4,0,0.259,.330,0.365,.695
AidanAMillerMillerSS,PHI,3,5,0,0,0,0,0,0,2,1.0,0,0,0.0,0.286,0.0,0.286
DarrienDMillerMillerC,MIL,2,1,1,0,0,0,0,0,0,0.0,0,0,0.0,0.667,0.0,0.667
OwenOMillerMillerB,COL,294,933,101,223,52,1,15,99,58,216.0,17,2,0.239,.287,0.345,.632
CodyCMilliganMilliganLF,ATL,2,1,0,0,0,0,0,0,1,0.0,0,0,0.0,0.5,0.0,0.5
JoseJMirandaMirandaB,MIN,286,987,101,263,57,4,27,128,55,181.0,3,3,0.266,.315,0.414,.729
KameronKMisnerMisnerCF,TB,2,4,0,1,0,0,0,1,1,1.0,0,0,0.25,0.4,0.25,0.65
CalCMitchellMitchellX,CWS,3,5,0,2,0,0,0,0,0,2.0,1,0,0.4,0.4,0.4,0.8
GarrettGMitchellMitchellCF,MIL,116,322,52,85,17,4,13,37,38,125.0,20,5,0.264,.343,0.463,.806
AndruwAMonasterioMonasterioB,MIL,151,407,52,99,19,1,4,43,44,106.0,13,4,0.243,.322,0.324,.646
YonYMoncadaMoncadaB,LAA,747,2798,376,711,157,20,93,339,306,918.0,32,13,0.254,.331,0.424,.755
MickeyMMoniakMoniakRF,LAA,3,8,0,1,0,0,0,1,0,1.0,0,0,0.125,0.125,0.125,0.25
CocoCMontesMontesSS,TB,3,4,0,1,0,0,0,0,0,1.0,0,0,0.25,0.4,0.25,0.65
BennyBMontgomeryMontgomeryCF,COL,1,1,1,1,1,0,0,3,1,0.0,0,0,1.0,1.0,2.0,3.0
BradenBMontgomeryMontgomeryCF,CWS,2,2,0,1,0,0,0,0,1,1.0,0,0,0.5,0.667,0.5,1.167
ChristianCMooreMooreB,LAA,3,6,2,3,0,0,0,0,1,2.0,0,0,0.5,0.571,0.5,1.071
DylanDMooreMooreB,SEA,2,4,0,0,0,0,0,0,1,1.0,1,0,0.0,0.2,0.0,0.2
MalcolmMMooreMooreC,TEX,2,2,0,1,0,0,0,0,0,0.0,0,0,0.5,0.5,0.5,1.0
NickNMorabitoMorabitoLF,NYM,1,2,0,1,0,0,0,0,0,0.0,1,0,0.5,0.5,0.5,1.0
CobyCMoralesMoralesRF,NYY,1,1,0,0,0,0,0,0,0,0.0,0,0,0.0,0.0,0.0,0.0
JefersonJMoralesMoralesLF,MIN,1,2,0,0,0,0,0,0,0,1.0,0,0,0.0,0.0,0.0,0.0
YohandyYMoralesMoralesB,WSH,3,9,0,2,1,0,0,2,0,3.0,0,0,0.222,0.222,0.333,0.555
ChristopherCMorelMorelLF,TB,3,7,2,2,0,0,0,0,1,3.0,1,0,0.286,0.375,0.286,0.661
GabrielGMorenoMorenoC,AZ,233,715,82,200,38,2,13,102,74,135.0,9,3,0.28,.347,0.393,.740
TreTMorganMorganB,TB,2,3,0,1,0,0,0,0,0,1.0,0,0,0.333,0.333,0.333,0.666
CodyCMorissetteMorissetteB,MIA,1,2,0,0,0,0,0,0,0,2.0,0,0,0.0,0.0,0.0,0.0
DiegoDMosqueraMosqueraB,NYM,2,3,0,0,0,0,0,0,0,1.0,0,0,0.0,0.0,0.0,0.0
RyanRMountcastleMountcastleB,BAL,563,2111,269,559,107,5,91,328,159,566.0,14,6,0.265,.316,0.45,.766
CedricCMullinsMullinsCF,BAL,693,2432,346,614,121,20,86,278,219,538.0,125,32,0.252,.320,0.425,.745
MaxMMuncyMuncyX,ATH,3,4,0,0,0,0,0,0,1,1.0,0,0,0.0,0.333,0.0,0.333
IsmaelIMunguiaMunguiaLF,NYY,2,6,0,2,0,1,0,1,0,0.0,0,0,0.333,0.333,0.667,1.0
KaiKMurphyMurphyLF,SD,2,1,1,0,0,0,0,0,1,0.0,0,0,0.0,0.5,0.0,0.5
SeanSMurphyMurphyC,ATL,510,1702,233,397,96,3,77,240,202,456.0,1,0,0.233,.329,0.429,.758
AustinAMurrMurrLF,DET,1,1,0,1,1,0,0,1,0,0.0,0,0,1.0,1.0,2.0,3.0
BJBMurrayJrMurrayX,CHC,3,3,2,1,0,0,0,0,3,1.0,1,0,0.333,0.667,0.333,1.0
TannerTMurrayMurraySS,TB,4,4,0,0,0,0,0,0,0,2.0,0,0,0.0,0.2,0.0,0.2
DaneDMyersMyersCF,MIA,1,2,0,1,0,0,0,0,1,1.0,0,0,0.5,0.667,0.5,1.167
CarlosCNarvaezNarvaezC,BOS,6,13,0,3,0,0,0,0,2,6.0,0,0,0.231,.333,0.231,.564
OmarONarvezNarvezC,CWS,677,2016,228,507,83,2,53,203,240,435.0,0,2,0.251,.334,0.374,.708
AndrewANavigatoNavigatoB,DET,3,6,1,2,2,0,0,1,0,0.0,0,0,0.333,0.333,0.667,1.0
JoshJNaylorNaylorB,AZ,598,2047,253,537,117,1,84,343,173,374.0,25,7,0.262,.323,0.444,.767
BoBNaylorNaylorC,CLE,195,560,72,118,23,2,24,71,59,180.0,11,3,0.211,.288,0.388,.676
KyleKNevinNevinB,LAD,1,1,1,0,0,0,0,0,1,0.0,0,0,0.0,0.5,0.0,0.5
KevinKNewmanNewmanSS,LAA,616,2058,230,539,100,12,26,199,119,277.0,46,15,0.262,.305,0.36,.665
TomsTNidoNidoC,DET,323,877,89,184,34,1,17,86,39,245.0,1,0,0.21,.245,0.309,.554
RyanRNodaNodaDH,LAA,3,4,2,1,1,0,0,0,4,2.0,0,0,0.25,0.625,0.5,1.125
JhonkensyJNoelNoelRF,CLE,67,179,25,39,7,1,13,28,13,63.0,0,0,0.218,.288,0.486,.774
AustinANolaNolaB,COL,3,7,2,2,0,0,0,0,0,3.0,0,0,0.286,0.286,0.286,0.572
LarsLNootbaarNootbaarLF,STL,2,4,0,0,0,0,0,0,1,1.0,0,0,0.0,0.2,0.0,0.2
ConnorCNorbyNorbyB,MIA,45,178,32,42,9,0,9,20,15,64.0,3,3,0.236,.294,0.438,.732
JacobJNottinghamNottinghamC,SEA,53,114,16,21,3,0,8,23,11,50.0,0,0,0.184,.277,0.421,.698
RainerRNunezNunezX,TOR,2,2,0,0,0,0,0,0,1,0.0,0,0,0.0,0.333,0.0,0.333
DomDNuezNuezDH,CLE,2,3,0,0,0,0,0,0,0,0.0,0,0,0.0,0.25,0.0,0.25
MalcomMNuezNuezB,PIT,2,4,1,1,0,0,0,0,0,1.0,0,0,0.25,0.25,0.25,0.5
NasimNNuezNuezSS,WSH,51,61,14,15,1,0,0,1,12,15.0,8,2,0.246,.370,0.262,.632
EthanEODonnellODonnellCF,CIN,1,2,0,0,0,0,0,0,0,1.0,0,0,0.0,0.0,0.0,0.0
RyanROHearnOHearnB,BAL,596,1749,207,427,83,9,67,250,159,438.0,8,3,0.244,.309,0.417,.726
LoganLOHoppeOHoppeC,LAA,192,675,88,164,23,1,34,87,49,206.0,2,4,0.243,.303,0.431,.734
BrianBOKeefeOKeefeC,KC,10,22,0,3,2,0,0,2,3,9.0,0,0,0.136,.240,0.227,.467
TylerTONeillONeillRF,BAL,1,0,1,0,0,0,0,0,2,0.0,0,0,0.0,1.0,0.0,1.0
NehomarNOchoaJrOchoaLF,HOU,1,1,0,1,0,0,0,0,0,0.0,0,0,1.0,1.0,1.0,2.0
KeshawnKOgansOgansB,ATL,2,1,0,0,0,0,0,0,0,1.0,0,0,0.0,0.0,0.0,0.0
ChristianCOlivoOlivoLF,CHC,3,4,1,1,1,0,0,0,0,0.0,0,0,0.25,0.25,0.5,0.75
MattMOlsonOlsonB,ATL,1061,3872,614,985,209,5,259,713,522,1062.0,8,2,0.254,.349,0.512,.861
JonathanJOrnelasOrnelasSS,TEX,4,9,1,2,0,0,0,2,0,2.0,0,0,0.222,0.222,0.222,0.444
RafaelROrtegaOrtegaLF,NYM,2,5,1,1,0,0,0,0,0,2.0,0,0,0.2,0.2,0.2,0.4
JoeyJOrtizOrtizSS,MIL,2,4,1,0,0,0,0,0,1,1.0,0,0,0.0,0.2,0.0,0.2
AlejandroAOsunaOsunaRF,TEX,5,7,0,1,0,0,0,1,1,0.0,1,0,0.143,0.222,0.143,0.365
JamesJOutmanOutmanCF,LAD,208,632,104,146,22,3,28,84,86,243.0,18,4,0.231,.337,0.408,.745
CristianCPachePacheCF,AZ,4,4,0,1,0,0,0,1,1,1.0,0,0,0.25,0.4,0.25,0.65
AndyAPagesPagesCF,LAD,116,403,65,100,23,1,13,46,29,108.0,1,2,0.248,.305,0.407,.712
CharlieCPagliariniPagliariniB,SEA,1,1,1,0,0,0,0,0,1,0.0,0,0,0.0,0.5,0.0,0.5
PedroPPagsPagsC,STL,68,202,19,48,3,2,7,27,13,58.0,2,0,0.238,.281,0.376,.657
JoshuaJPalaciosPalaciosLF,PIT,1,3,0,0,0,0,0,0,0,1.0,0,0,0.0,0.0,0.0,0.0
RichieRPalaciosPalaciosB,TB,178,469,62,109,20,1,11,47,60,98.0,23,1,0.232,.327,0.35,.677
MiguelMPalmaPalmaC,HOU,2,5,1,1,0,0,0,1,1,1.0,0,0,0.2,0.333,0.2,0.533
RonaikerRPalmaPalmaC,COL,2,0,0,0,0,0,0,0,0,0.0,0,0,0.0,0.0,0.0,0.0
StephenSPaoliniPaoliniLF,ATL,1,1,0,0,0,0,0,0,0,0.0,0,0,0.0,0.0,0.0,0.0
KevinKParadaParadaX,NYM,2,3,1,1,0,0,0,0,1,2.0,0,0,0.333,0.5,0.333,0.833
IsaacIParedesParedesB,HOU,464,1537,197,357,72,2,72,234,196,311.0,2,2,0.232,.333,0.422,.755
KyrenKParisParisB,LAA,36,91,8,10,2,0,1,6,11,34.0,4,0,0.11,.214,0.165,.379
VinnieVPasquantinoPasquantinoB,KC,264,985,113,263,57,2,38,149,100,136.0,2,0,0.267,.335,0.445,.780
GrahamGPauleyPauleyB,MIA,13,32,4,4,0,0,2,5,0,15.0,0,0,0.125,.125,0.313,.438
EddinsonEPaulinoPaulinoB,TOR,1,2,0,1,1,0,0,0,0,1.0,0,0,0.5,0.5,1.0,1.5
BraylonBPaynePayneCF,MIL,1,2,0,0,0,0,0,0,0,1.0,0,0,0.0,0.0,0.0,0.0
TaiTPeetePeeteCF,SEA,2,4,2,1,0,0,0,1,1,2.0,1,0,0.25,0.4,0.25,0.65
LioverLPegueroPegueroSS,PIT,63,211,21,50,5,1,7,28,12,72.0,6,2,0.237,.280,0.37,.650
OswaldOPerazaPerazaB,NYY,74,232,25,50,11,0,4,17,20,62.0,6,3,0.216,.297,0.315,.612
AngelAPerdomoPerdomoP,ATL,22,0,0,0,0,0,0,0,0,0.0,0,0,0.0,.000,0.0,.000
JhonnyJPeredaPeredaC,ATH,20,39,2,9,0,0,0,4,0,10.0,0,0,0.231,.250,0.231,.481
SalvadorSPerezPerezDH,KC,1,2,0,0,0,0,0,0,0,0.0,0,0,0.0,0.0,0.0,0.0
YonathanYPerlazaPerlazaRF,SD,4,6,0,1,0,0,0,1,1,2.0,0,0,0.167,0.286,0.167,0.453
VincentVPerozoPerozoX,NYM,1,0,1,0,0,0,0,0,1,0.0,0,0,0.0,1.0,0.0,1.0
TristanTPetersPetersRF,TB,3,5,1,2,0,0,0,0,0,1.0,0,1,0.4,0.4,0.4,0.8
TommyTPhamPhamLF,PIT,1,2,0,0,0,0,0,0,1,0.0,0,0,0.0,0.333,0.0,0.333
KevinKPillarPillarDH,TEX,1,3,0,0,0,0,0,0,0,0.0,0,0,0.0,0.0,0.0,0.0
AndrewAPinckneyPinckneyRF,WSH,3,7,1,2,0,1,0,2,0,1.0,1,0,0.286,0.286,0.571,0.857
JackJPinedaPinedaB,KC,2,2,0,2,0,1,0,1,0,0.0,0,1,1.0,1.0,2.0,3.0
LeandroLPinedaPinedaLF,PHI,1,1,0,0,0,0,0,0,0,0.0,0,0,0.0,0.0,0.0,0.0
RenRPintoPintoC,AZ,83,225,20,52,9,0,10,32,8,87.0,0,0,0.231,.263,0.404,.667
KennyKPiperPiperC,TB,1,2,0,0,0,0,0,0,0,0.0,0,0,0.0,0.0,0.0,0.0
DominicDPitelliPitelliSS,CIN,1,1,1,0,0,0,0,0,1,0.0,0,0,0.0,0.5,0.0,0.5
LoganLPorterPorterC,SF,11,31,4,6,1,0,1,3,5,11.0,0,0,0.194,.324,0.323,.647
AnthonyAPratoPratoB,MIN,1,0,0,0,0,0,0,0,1,0.0,0,0,0.0,1.0,0.0,1.0
CooperCPrattPrattSS,MIL,3,7,1,4,3,0,0,3,0,0.0,0,0,0.571,0.571,1.0,1.571
NickNPrattoPrattoRF,KC,3,6,0,1,1,0,0,3,3,2.0,1,0,0.167,0.444,0.333,0.777
ReginaldRPreciadoPreciadoLF,CHC,1,2,1,1,0,0,0,0,0,1.0,0,0,0.5,0.5,0.5,1.0
CollinCPricePriceC,HOU,1,1,0,0,0,0,0,0,0,1.0,0,0,0.0,0.0,0.0,0.0
MicahMPriesPriesB,CLE,3,5,0,2,1,0,0,0,1,2.0,0,1,0.4,0.5,0.6,1.1
CsarCPrietoPrietoB,STL,3,3,2,1,1,0,0,0,0,1.0,0,0,0.333,0.333,0.667,1.0
MichaelMProseckyProseckyP,COL,1,0,0,0,0,0,0,0,0,0.0,0,0,0.0,0.0,0.0,0.0
CarlosCPrezPrezB,CHC,5,5,1,0,0,0,0,0,2,2.0,0,0,0.0,0.286,0.0,0.286
WenceelWPrezPrezRF,DET,112,389,51,94,16,6,9,37,32,92.0,9,5,0.242,.300,0.383,.683
EdgarEQueroQueroC,CWS,2,3,0,1,0,0,0,0,0,1.0,0,0,0.333,0.333,0.333,0.666
GeraldoGQuinteroQuinteroLF,ATL,2,2,0,0,0,0,0,0,0,1.0,0,0,0.0,0.0,0.0,0.0
NelsonNRadaRadaCF,LAA,4,5,2,2,0,0,0,4,2,1.0,0,0,0.4,0.625,0.4,1.025
CalCRaleighRaleighC,SEA,464,1568,203,342,71,2,93,251,169,508.0,7,1,0.218,.296,0.444,.740
LukeLRaleyRaleyB,SEA,1,3,1,1,0,0,0,0,0,2.0,1,0,0.333,0.333,0.333,0.666
AgustinARamirezRamirezC,MIA,1,1,0,0,0,0,0,0,1,0.0,0,0,0.0,0.5,0.0,0.5
GermanGRamirezRamirezDH,HOU,1,1,0,0,0,0,0,0,0,1.0,0,0,0.0,0.0,0.0,0.0
AlexARamrezRamrezRF,NYM,3,8,0,2,0,0,0,0,0,4.0,0,0,0.25,0.25,0.25,0.5
JosJRamrezRamrezB,CLE,1451,5377,898,1500,364,40,255,864,600,728.0,243,55,0.279,.352,0.504,.856
NickNRaposoRaposoC,SEA,2,4,0,0,0,0,0,0,0,3.0,0,0,0.0,0.0,0.0,0.0
JohnJRaveRaveCF,KC,2,4,1,2,0,1,0,2,1,1.0,1,0,0.5,0.6,1.0,1.6
JaksonJReetzReetzX,NYM,3,4,3,1,0,0,0,0,1,1.0,0,0,0.25,0.5,0.25,0.75
RobRRefsnyderRefsnyderDH,BOS,1,3,0,0,0,0,0,0,0,1.0,0,0,0.0,0.0,0.0,0.0
HunterHRenfroeRenfroeDH,KC,3,6,0,1,1,0,0,0,1,2.0,0,0,0.167,0.286,0.333,0.619
PabloPReyesReyesB,NYY,234,521,72,129,25,2,8,54,45,104.0,13,6,0.248,.309,0.349,.658
BryanBReynoldsReynoldsRF,PIT,2,5,1,1,1,0,0,0,0,2.0,0,0,0.2,0.2,0.4,0.6
BenBRiceRiceC,NYY,2,6,1,2,0,0,0,1,0,2.0,0,0,0.333,0.333,0.333,0.666
CalebCRickettsRickettsC,PHI,1,0,0,0,0,0,0,0,1,0.0,0,0,0.0,1.0,0.0,1.0
AustinARileyRileyB,ATL,719,2728,426,742,148,10,153,429,237,783.0,5,4,0.272,.338,0.502,.840
AlbertoARiosRiosC,LAA,1,0,0,0,0,0,0,0,0,0.0,0,0,0.0,0.0,0.0,0.0
LukeLRitterRitterRF,NYM,2,5,0,0,0,0,0,0,0,2.0,0,0,0.0,0.0,0.0,0.0
RyanRRitterRitterSS,COL,3,2,2,1,0,0,0,1,1,1.0,0,0,0.5,0.667,0.5,1.167
JeremyJRivasRivasB,STL,3,2,0,0,0,0,0,0,1,0.0,0,0,0.0,0.333,0.0,0.333
LeoLRivasRivasSS,SEA,43,73,10,17,1,1,0,8,10,24.0,3,0,0.233,.333,0.274,.607
SebastinSRiveroRiveroC,LAA,34,66,3,11,2,0,0,4,5,25.0,0,0,0.167,.236,0.197,.433
LuisLRobertJrRobertCF,CWS,467,1796,266,480,103,2,88,245,109,524.0,69,16,0.267,.316,0.474,.790
KaiKRobertsRobertsRF,SD,1,2,1,1,0,0,0,1,0,1.0,0,0,0.5,0.5,0.5,1.0
WillWRobertsonRobertsonRF,TOR,1,2,1,1,0,0,0,0,0,1.0,0,0,0.5,0.5,0.5,1.0
TylerTRobertsonRobertsonCF,SD,2,2,0,0,0,0,0,0,0,1.0,0,0,0.0,0.0,0.0,0.0
ChuckieCRobinsonRobinsonC,LAA,51,129,5,17,2,0,2,5,5,37.0,0,0,0.132,.170,0.194,.364
KristianKRobinsonRobinsonRF,AZ,4,4,1,0,0,0,0,0,0,3.0,0,0,0.0,0.0,0.0,0.0
VictorVRoblesRoblesCF,SEA,607,1839,254,455,98,11,35,182,130,471.0,100,26,0.247,.321,0.37,.691
BrayanBRocchioRocchioSS,CLE,166,464,59,99,24,0,8,44,48,117.0,10,6,0.213,.295,0.317,.612
BrockBRoddenRoddenB,SEA,3,6,1,2,0,0,0,2,2,2.0,0,0,0.333,0.5,0.333,0.833
AlanARodenRodenRF,TOR,3,3,2,2,2,0,0,1,2,0.0,0,0,0.667,0.833,1.333,2.166
CarlosDCRodriguezRodriguezCF,ATL,2,3,1,1,0,0,0,0,1,0.0,0,0,0.333,0.5,0.333,0.833
HectorHRodriguezRodriguezLF,CIN,2,3,0,0,0,0,0,0,0,1.0,0,0,0.0,0.0,0.0,0.0
JesusJRodriguezRodriguezX,NYY,3,4,0,2,0,0,0,0,1,0.0,1,0,0.5,0.6,0.5,1.1
JohnathanJRodriguezRodriguezLF,CLE,2,2,0,0,0,0,0,0,2,0.0,0,1,0.0,0.5,0.0,0.5
RamnRRodrguezRodriguezC,MIL,1,2,0,1,0,0,0,0,0,1.0,0,0,0.5,0.5,0.5,1.0
YopheryYRodriguezRodriguezCF,MIL,1,0,0,0,0,0,0,0,0,0.0,0,0,0.0,0.0,0.0,0.0
EndyERodrguezRodrguezC,PIT,57,186,27,41,7,2,3,13,17,49.0,0,0,0.22,.284,0.328,.612
JulioJRodrguezRodrguezCF,SEA,430,1732,262,480,79,5,80,246,125,476.0,86,22,0.277,.334,0.467,.801
JakeJRogersRogersC,DET,282,866,118,175,35,4,41,110,74,314.0,3,1,0.202,.269,0.394,.663
JohanJRojasRojasDH,PHI,2,5,2,1,0,0,0,1,0,2.0,0,0,0.2,0.333,0.2,0.533
JoshJRojasRojasB,CWS,570,1862,256,460,100,6,34,189,211,481.0,59,14,0.247,.323,0.362,.685
MiguelMRojasRojasB,LAD,3,7,1,4,1,0,0,2,1,0.0,0,0,0.571,0.625,0.714,1.339
DrewDRomoRomoC,COL,16,51,4,9,3,0,0,6,2,18.0,0,1,0.176,.208,0.235,.443
BrentBRookerRookerDH,ATH,2,4,0,0,0,0,0,1,1,3.0,0,0,0.0,0.167,0.0,0.167
BenBRortvedtRortvedtC,TB,183,447,41,89,15,0,8,42,51,136.0,1,0,0.199,.288,0.286,.574
AmedARosarioRosarioSS,WSH,2,4,0,0,0,0,0,0,0,0.0,0,0,0.0,0.0,0.0,0.0
KalaiKRosarioRosarioLF,MIN,2,2,1,1,1,0,0,1,0,1.0,0,0,0.5,0.333,1.0,1.333
JakeJRuckerRuckerB,MIN,1,1,0,0,0,0,0,0,0,0.0,0,0,0.0,0.0,0.0,0.0
EsteuryERuizRuizX,ATH,4,6,0,0,0,0,0,0,0,2.0,0,0,0.0,0.0,0.0,0.0
KeibertKRuizRuizC,WSH,406,1472,145,366,70,0,42,176,83,174.0,10,3,0.249,.296,0.382,.678
TJTRumfieldRumfieldB,NYY,3,8,0,1,0,0,0,0,0,3.0,0,0,0.125,0.125,0.125,0.25
DaltonDRushingRushingC,LAD,4,4,1,0,0,0,0,0,3,2.0,0,0,0.0,0.556,0.0,0.556
AdleyARutschmanRutschmanC,BAL,415,1557,222,407,87,3,52,201,215,290.0,6,2,0.261,.351,0.421,.772
AaronASabatoSabatoB,MIN,1,2,0,0,0,0,0,0,0,0.0,0,0,0.0,0.0,0.0,0.0
BlakeBSabolSabolC,BOS,121,342,39,83,12,0,13,45,29,126.0,4,2,0.243,.313,0.392,.705
ThomasTSaggeseSaggeseB,STL,18,49,5,10,2,0,1,4,2,14.0,0,0,0.204,.250,0.306,.556
EthanESalasSalasX,SD,3,4,1,1,1,0,0,1,2,0.0,0,0,0.25,0.5,0.5,1.0
CsarCSalazarSalazarC,HOU,25,43,6,10,2,0,0,8,3,12.0,0,0,0.233,.300,0.279,.579
RomeoRSanabriaSanabriaB,SD,2,4,1,1,0,0,0,0,0,1.0,0,0,0.25,0.25,0.25,0.5
JavierJSanojaSanojaB,MIA,15,35,3,8,2,0,0,2,1,4.0,0,0,0.229,.250,0.286,.536
CarlosCSantanaSantanaB,CLE,2080,7400,1058,1789,393,17,324,1082,1278,1449.0,58,18,0.242,.354,0.431,.785
ShaneSSasakiSasakiRF,MIA,1,2,0,0,0,0,0,0,0,2.0,0,0,0.0,0.0,0.0,0.0
NolanNSchanuelSchanuelB,LAA,176,628,81,160,22,0,14,60,88,122.0,10,1,0.255,.354,0.357,.711
CaseyCSchmittSchmittB,SF,130,360,39,79,19,1,11,46,17,90.0,2,1,0.219,.264,0.369,.633
DanielDSchneemannSchneemannSS,CLE,73,193,17,42,10,2,5,22,25,70.0,3,2,0.218,.303,0.368,.671
DavisDSchneiderSchneiderLF,TOR,170,513,71,108,31,2,21,66,68,187.0,7,0,0.211,.311,0.402,.713
RJRSchreckSchreckLF,TOR,3,6,0,1,0,0,0,0,1,0.0,0,0,0.167,0.286,0.167,0.453
MaxMSchuemannSchuemannSS,ATH,133,396,55,87,14,0,7,34,47,119.0,14,1,0.22,.311,0.308,.619
AaronASchunkSchunkSS,COL,4,7,2,0,0,0,0,0,1,4.0,0,0,0.0,0.125,0.0,0.125
KyleKSchwarberSchwarberDH,PHI,1129,3940,689,905,152,12,284,652,656,1330.0,27,17,0.23,.343,0.491,.834
CoreyCSeagerSeagerSS,TEX,1029,3964,641,1151,251,13,200,617,415,788.0,18,8,0.29,.360,0.512,.872
AnthonyASeiglerSeiglerB,MIL,1,1,0,0,0,0,0,0,0,0.0,0,0,0.0,0.0,0.0,0.0
MarcusMSemienSemienB,TEX,1502,5895,906,1505,307,35,238,739,581,1212.0,128,39,0.255,.323,0.44,.763
HaydenHSengerSengerC,NYM,2,4,1,1,0,0,0,0,0,1.0,0,0,0.25,0.25,0.25,0.5
JaredJSernaSernaSS,MIA,1,2,0,1,0,0,0,0,0,0.0,0,0,0.5,0.5,0.5,1.0
BrianBServenServenC,DET,101,273,25,51,9,1,6,20,18,76.0,0,0,0.187,.247,0.293,.540
AnthonyAServideoServideoSS,BAL,1,1,0,0,0,0,0,0,1,0.0,0,0,0.0,0.5,0.0,0.5
BobBSeymourSeymourB,TB,2,2,0,0,0,0,0,0,1,1.0,0,0,0.0,0.333,0.0,0.333
ColbyCShadeShadeLF,MIA,2,4,1,3,1,0,0,1,0,0.0,0,0,0.75,0.75,1.0,1.75
GavinGSheetsSheetsDH,SD,4,8,1,2,2,0,0,2,0,2.0,0,0,0.25,0.25,0.5,0.75
AustinAShentonShentonB,SEA,19,42,3,9,5,0,1,3,8,14.0,0,0,0.214,.340,0.405,.745
BradenBShewmakeShewmakeB,NYY,2,5,0,0,0,0,0,0,0,1.0,0,0,0.0,0.0,0.0,0.0
ZackZShortShortSS,HOU,3,7,0,0,0,0,0,0,0,2.0,0,0,0.0,0.0,0.0,0.0
DaltonDShuffieldShuffieldCF,MIN,1,1,0,0,0,0,0,0,0,1.0,0,0,0.0,0.0,0.0,0.0
MichaelMSianiSianiCF,STL,141,327,44,72,7,2,2,20,22,100.0,21,5,0.22,.275,0.272,.547
PhillipPSikesSikesRF,BOS,1,1,1,1,0,0,0,0,0,0.0,0,0,1.0,1.0,1.0,2.0
RonnyRSimonSimonB,MIA,2,2,1,0,0,0,0,0,1,1.0,1,0,0.0,0.333,0.0,0.333
ChandlerCSimpsonSimpsonCF,TB,3,6,2,4,0,0,0,0,0,0.0,2,0,0.667,0.667,0.667,1.334
JonJSingletonSingletonB,HOU,269,803,105,159,31,1,29,104,120,285.0,3,3,0.198,.301,0.347,.648
ChanceCSiscoSiscoC,STL,196,517,61,102,24,0,16,54,62,196.0,1,1,0.197,.317,0.337,.654
AustinASlaterSlaterRF,CWS,634,1482,210,373,60,9,40,171,180,470.0,48,8,0.252,.342,0.385,.727
DAndreDSmithSmithB,NYM,2,2,0,0,0,0,0,0,0,0.0,0,0,0.0,0.0,0.0,0.0
JoshJSmithSmithB,TEX,312,931,119,213,43,2,21,93,99,226.0,16,5,0.229,.323,0.347,.670
PavinPSmithSmithB,AZ,3,6,0,1,0,0,0,0,2,1.0,0,0,0.167,0.375,0.167,0.542
JakeJSniderSniderRF,SD,1,1,1,1,0,0,0,0,1,0.0,0,0,1.0,1.0,1.0,2.0
MichaelMSnyderSnyderB,MIA,1,1,0,0,0,0,0,0,0,1.0,0,0,0.0,0.0,0.0,0.0
TylerTSoderstromSoderstromC,ATH,2,4,0,1,0,0,0,1,1,0.0,0,0,0.25,0.4,0.25,0.65
NickNSogardSogardB,BOS,31,77,13,21,4,0,0,8,7,25.0,3,0,0.273,.326,0.325,.651
NickNSolakSolakLF,PIT,2,4,0,2,1,0,0,1,0,0.0,1,0,0.5,0.5,0.75,1.25
EdmundoESosaSosaB,PHI,2,5,0,1,0,0,0,2,0,1.0,0,0,0.2,0.2,0.2,0.4
LenynLSosaSosaB,CWS,163,550,43,126,20,0,15,50,18,129.0,3,2,0.229,.257,0.347,.604
LivanLSotoSotoSS,BAL,35,77,12,27,6,1,1,9,8,18.0,1,1,0.351,.407,0.494,.901
GarrettGSpainSpainLF,MIL,1,1,0,0,0,0,0,0,0,0.0,0,0,0.0,0.0,0.0,0.0
BrettBSquiresSquiresB,KC,2,4,0,0,0,0,0,1,0,3.0,0,0,0.0,0.0,0.0,0.0
JacobJStallingsStallingsC,COL,534,1586,160,379,78,2,33,184,168,395.0,1,1,0.239,.319,0.353,.672
MaxMStassiStassiC,SF,403,1137,136,241,42,2,41,128,119,379.0,0,0,0.212,.295,0.361,.656
SpencerSSteerSteerDH,CIN,1,2,0,0,0,0,0,0,0,0.0,0,0,0.0,0.0,0.0,0.0
MichaelMStefanicStefanicB,TOR,90,233,18,54,8,1,0,14,23,40.0,0,1,0.232,.317,0.275,.592
SethSStephensonStephensonCF,DET,1,2,0,0,0,0,0,0,0,2.0,0,0,0.0,0.0,0.0,0.0
TylerTStephensonStephensonC,CIN,470,1455,212,389,76,3,50,208,150,383.0,2,1,0.267,.343,0.427,.770
CalCStevensonStevensonLF,PHI,3,6,1,1,1,0,0,0,2,2.0,1,0,0.167,0.375,0.333,0.708
TrevorTStoryStorySS,BOS,908,3431,536,909,218,27,179,540,318,1075.0,129,36,0.265,.332,0.501,.833
BrysonBStottStottB,PHI,426,1518,201,388,70,6,36,168,128,282.0,75,10,0.256,.315,0.381,.696
KyleKStowersStowersLF,MIA,117,313,27,65,15,3,6,35,21,115.0,0,1,0.208,.268,0.332,.600
KellenKStrahmStrahmCF,TEX,1,1,1,0,0,0,0,0,0,1.0,0,0,0.0,0.0,0.0,0.0
MylesMStrawStrawCF,TOR,562,1764,251,431,77,9,6,125,187,351.0,89,16,0.244,.316,0.308,.624
ChaseCStrumpfStrumpfB,CHC,4,4,0,0,0,0,0,0,1,0.0,0,0,0.0,0.2,0.0,0.2
GarrettGStubbsStubbsC,PHI,198,460,63,99,17,3,7,45,46,123.0,10,1,0.215,.294,0.311,.605
ChristopherCSueroSueroB,NYM,2,2,0,0,0,0,0,0,0,0.0,0,0,0.0,0.0,0.0,0.0
AdrinASugasteySugasteyC,SF,2,4,1,1,0,0,0,1,0,0.0,0,0,0.25,0.25,0.25,0.5
LuisLSuisbelSuisbelB,SEA,2,4,0,0,0,0,0,2,0,1.0,0,0,0.0,0.0,0.0,0.0
BrettBSullivanSullivanC,SD,40,97,8,20,3,0,2,8,5,23.0,0,0,0.206,.243,0.299,.542
JaredJSundstromSundstromLF,SEA,1,3,1,1,1,0,0,0,0,1.0,0,0,0.333,0.333,0.667,1.0
DanielDSusacSusacC,ATH,2,1,0,0,0,0,0,1,0,0.0,0,0,0.0,0.0,0.0,0.0
JackJSuwinskiSuwinskiLF,PIT,1,1,0,0,0,0,0,0,1,1.0,0,0,0.0,0.5,0.0,0.5
SeiyaSSuzukiSuzukiRF,CHC,381,1424,203,396,80,14,55,193,164,400.0,31,18,0.278,.354,0.47,.824
EugenioESurezSurezB,AZ,1471,5232,740,1300,234,15,276,831,586,1618.0,32,19,0.248,.331,0.457,.788
TravisTSwaggertySwaggertyLF,NYM,5,9,0,1,0,0,0,0,0,4.0,0,0,0.111,.111,0.111,.222
DansbyDSwansonSwansonSS,CHC,1123,4142,596,1042,213,18,140,557,410,1118.0,86,26,0.252,.321,0.413,.734
TreyTSweeneySweeneySS,DET,36,110,11,24,5,0,4,17,7,32.0,2,0,0.218,.269,0.373,.642
DrewDSwiftSwiftB,ATH,1,0,0,0,0,0,0,0,0,0.0,0,0,0.0,0.0,0.0,0.0
CharlieCSzykownySzykownyB,SF,1,1,0,0,0,0,0,0,0,0.0,0,0,0.0,0.0,0.0,0.0
AliASnchezSnchezDH,TOR,2,5,0,1,0,0,0,0,0,1.0,0,0,0.2,0.2,0.2,0.4
GaryGSnchezSnchezC,BAL,830,2836,404,636,118,3,184,485,308,861.0,6,2,0.224,.309,0.463,.772
JessJSnchezSnchezDH,MIA,1,2,0,1,0,0,0,0,0,1.0,0,0,0.5,0.5,0.5,1.0
YolmerYSnchezSnchezB,LAA,675,2276,253,552,113,24,32,217,165,532.0,30,25,0.243,.299,0.355,.654
MikeMTauchmanTauchmanRF,CWS,474,1215,207,293,60,3,32,155,183,336.0,30,8,0.241,.344,0.374,.718
AmbiorisATavarezTavarezSS,ATL,1,2,0,1,0,0,0,0,0,0.0,1,0,0.5,0.5,0.5,1.0
TimTTawaTawaDH,AZ,4,4,2,1,0,0,0,1,2,1.0,0,0,0.25,0.5,0.25,0.75
BraydenBTaylorTaylorB,TB,3,4,0,0,0,0,0,1,0,2.0,0,0,0.0,0.0,0.0,0.0
CarsonCTaylorTaylorB,PHI,3,5,0,2,0,0,0,1,1,3.0,0,0,0.4,0.5,0.4,0.9
ChrisCTaylorTaylorB,LAD,3,8,1,2,0,0,0,0,1,5.0,0,0,0.25,0.333,0.25,0.583
MichaelAMTaylorTaylorCF,CWS,2,6,0,0,0,0,0,0,0,4.0,0,0,0.0,0.0,0.0,0.0
TyroneTTaylorTaylorLF,NYM,2,3,1,0,0,0,0,0,1,0.0,0,0,0.0,0.4,0.0,0.4
KyleKTeelTeelC,CWS,2,1,1,0,0,0,0,0,2,1.0,0,0,0.0,0.667,0.0,0.667
RowdyRTellezTellezB,SEA,666,2073,244,486,97,3,105,319,193,518.0,4,3,0.234,.303,0.436,.739
JosJTenaTenaB,WSH,62,192,16,50,7,0,3,18,10,54.0,6,1,0.26,.297,0.344,.641
BryceBTeodosioTeodosioLF,LAA,3,3,0,0,0,0,0,1,1,1.0,1,0,0.0,0.2,0.0,0.2
MattMThaissThaissC,CWS,245,663,76,138,23,0,22,79,97,226.0,6,0,0.208,.313,0.342,.655
AlekAThomasThomasCF,AZ,277,850,109,192,39,7,20,95,48,177.0,17,5,0.226,.271,0.359,.630
CodyCThomasThomasCF,TEX,4,7,0,1,0,0,0,1,0,4.0,0,0,0.143,0.143,0.143,0.286
ColbyCThomasThomasLF,ATH,3,4,0,0,0,0,0,0,2,1.0,0,0,0.0,0.333,0.0,0.333
RhylanRThomasThomasLF,SEA,3,5,0,2,1,0,0,0,0,0.0,0,0,0.4,0.4,0.6,1.0
SterlinSThompsonThompsonLF,COL,4,5,0,1,0,0,0,0,0,3.0,0,0,0.2,0.2,0.2,0.4
JamesJTibbsIIITibbsRF,SF,2,2,0,0,0,0,0,0,0,0.0,0,0,0.0,0.0,0.0,0.0
RileyRTirottaTirottaB,TOR,3,6,1,1,0,0,0,0,0,1.0,1,0,0.167,0.167,0.167,0.334
MilanMTolentinoTolentinoB,CLE,2,2,1,1,0,1,0,0,1,1.0,1,0,0.5,0.667,1.5,2.167
SpencerSTorkelsonTorkelsonB,DET,361,1308,171,289,71,3,49,159,137,375.0,3,1,0.221,.300,0.392,.692
AbrahamAToroToroB,BOS,365,1179,145,259,47,4,34,134,87,228.0,14,7,0.22,.285,0.353,.638
LuisLTorrensTorrensDH,NYM,3,7,1,2,0,0,0,0,1,1.0,0,0,0.286,0.375,0.286,0.661
BryanBTorresTorresLF,STL,4,4,1,0,0,0,0,1,2,1.0,0,1,0.0,0.333,0.0,0.333
EzequielETovarTovarSS,COL,319,1269,164,330,83,8,42,153,50,375.0,17,10,0.26,.290,0.437,.727
MichaelMTrautweinTrautweinC,CIN,1,2,0,0,0,0,0,0,0,0.0,0,0,0.0,0.0,0.0,0.0
AlanATrejoTrejoB,TEX,174,434,50,99,19,0,9,47,26,112.0,6,3,0.228,.276,0.334,.610
LucaLTreshTreshX,KC,3,5,0,2,0,0,0,0,0,1.0,0,0,0.4,0.4,0.4,0.8
JoseJTrevinoTrevinoC,CIN,400,1190,131,281,52,1,32,141,61,225.0,4,2,0.236,.275,0.362,.637
JamesJTriantosTriantosB,CHC,3,8,1,2,1,0,0,3,0,2.0,0,0,0.25,0.222,0.375,0.597
JaredJTrioloTrioloB,PIT,179,575,71,139,19,1,12,67,66,181.0,14,2,0.242,.325,0.341,.666
ChadwickCTrompTrompC,ATL,59,151,16,35,10,0,5,22,2,48.0,0,0,0.232,.237,0.397,.634
MikeMTroutTroutRF,LAA,1,1,1,0,0,0,0,0,1,1.0,0,0,0.0,0.5,0.0,0.5
KyleKTuckerTuckerDH,CHC,2,3,0,0,0,0,0,0,3,0.0,0,0,0.0,0.5,0.0,0.5
BriceBTurangTurangB,MIL,292,963,118,230,33,7,13,91,88,199.0,76,10,0.239,.303,0.328,.631
JustinJTurnerTurnerDH,CHC,1,2,1,2,0,0,0,0,1,0.0,0,0,1.0,1.0,1.0,2.0
RileyRUnroeUnroeLF,DET,1,2,1,1,0,0,0,0,0,0.0,0,0,0.5,0.5,0.5,1.0
FranciscoFUrbaezUrbaezB,CIN,1,2,1,0,0,0,0,0,0,0.0,0,0,0.0,0.0,0.0,0.0
GioGUrshelaUrshelaB,ATH,792,2626,302,716,133,8,73,332,165,515.0,7,4,0.273,.316,0.413,.729
LuisLUrasUrasB,ATH,486,1506,203,349,68,4,52,196,181,388.0,9,6,0.232,.331,0.386,.717
RamnRUrasUrasB,BAL,429,1322,170,346,64,6,39,171,110,336.0,6,4,0.262,.328,0.408,.736
YordysYValdesValdesSS,CLE,2,2,0,0,0,0,0,1,0,1.0,0,0,0.0,0.0,0.0,0.0
EnmanuelEValdezValdezX,PIT,2,4,0,1,0,0,0,0,0,0.0,0,0,0.25,0.25,0.25,0.5
MiguelMVargasVargasB,CWS,171,509,62,89,23,4,13,56,65,131.0,7,3,0.175,.273,0.312,.585
WillyWVasquezVasquezB,TB,2,3,1,1,1,0,0,1,0,1.0,0,0,0.333,0.333,0.667,1.0
AndrewAVaughnVaughnB,CWS,562,2063,238,522,110,4,72,274,146,458.0,3,1,0.253,.310,0.415,.725
TerrinTVavraVavraB,BAL,67,138,23,35,2,1,1,17,17,31.0,1,1,0.254,.331,0.304,.635
JavierJVazVazB,KC,1,2,1,1,0,0,0,0,1,0.0,0,0,0.5,0.667,0.5,1.167
DanielDVazquezVazquezSS,KC,3,4,1,2,0,0,0,0,1,0.0,0,0,0.5,0.6,0.5,1.1
LuisLVazquezVazquezB,BAL,2,4,0,0,0,0,0,0,1,0.0,0,1,0.0,0.2,0.0,0.2
DiegoDVelasquezVelasquezB,SF,3,3,0,1,1,0,0,0,1,1.0,0,0,0.333,0.5,0.667,1.167
AndrewAVelazquezVelazquezB,NYY,3,6,0,1,0,0,0,0,0,3.0,0,0,0.167,0.167,0.167,0.334
NelsonNVelzquezVelzquezRF,KC,194,552,86,117,21,4,31,87,52,177.0,7,2,0.212,.286,0.433,.719
WilfredWVerasVerasRF,CWS,2,3,0,0,0,0,0,0,1,1.0,0,0,0.0,0.25,0.0,0.25
WillWVerdungVerdungB,ATL,1,0,0,0,0,0,0,0,1,0.0,0,0,0.0,1.0,0.0,1.0
MarkMVientosVientosB,NYM,192,667,80,162,28,1,37,96,48,218.0,1,0,0.243,.297,0.454,.751
MattMVierlingVierlingCF,DET,429,1393,195,361,64,13,34,139,112,323.0,21,11,0.259,.317,0.397,.714
RyanRViladeViladeRF,STL,2,2,0,1,0,0,0,0,0,1.0,0,0,0.5,0.667,0.5,1.167
AnthonyAVilarVilarC,SD,1,1,0,1,0,0,0,0,0,0.0,0,0,1.0,1.0,1.0,2.0
DavidDVillarVillarB,SF,109,315,39,63,16,1,15,40,30,116.0,1,2,0.2,.288,0.4,.688
KevinKVillavicencioVillavicencioB,NYM,2,2,0,0,0,0,0,0,0,0.0,0,0,0.0,0.0,0.0,0.0
AnthonyAVolpeVolpeSS,NYY,319,1178,152,268,50,11,33,120,94,323.0,52,12,0.228,.288,0.373,.661
AJAVukovichVukovichLF,AZ,4,5,0,1,0,0,0,0,0,0.0,0,0,0.2,0.2,0.2,0.4
ChristianCVzquezVzquezC,MIN,928,3054,346,774,150,5,68,335,199,621.0,32,17,0.253,.301,0.373,.674
LaMonteLWadeJrWadeB,SF,480,1408,203,346,59,7,53,167,212,343.0,12,4,0.246,.351,0.411,.762
TylerTWadeWadeSS,SD,3,9,0,1,0,0,0,0,0,1.0,1,0,0.111,0.111,0.111,0.222
EricEWagamanWagamanDH,MIA,1,2,0,0,0,0,0,0,0,0.0,0,0,0.0,0.0,0.0,0.0
WillWWagnerWagnerB,TOR,24,82,8,25,6,0,2,11,4,16.0,0,0,0.305,.337,0.451,.788
SebastianSWalcottWalcottSS,TEX,4,4,1,2,1,0,0,0,0,1.0,0,0,0.5,0.5,0.75,1.25
ChristianCWalkerWalkerB,HOU,832,2880,427,720,158,7,147,443,318,742.0,25,6,0.25,.330,0.463,.793
JordanJWalkerWalkerRF,STL,168,584,67,149,29,3,21,71,47,154.0,8,4,0.255,.317,0.423,.740
ForrestFWallWallCF,SD,3,6,1,2,1,0,0,2,1,2.0,0,0,0.333,0.429,0.5,0.929
CaydenCWallaceWallaceB,WSH,1,1,1,0,0,0,0,0,1,1.0,0,0,0.0,0.5,0.0,0.5
ChadCWallachWallachC,TEX,155,400,35,79,15,2,11,39,33,150.0,0,1,0.198,.263,0.328,.591
TaylorTWallsWallsSS,TB,379,1080,145,203,45,7,18,98,150,328.0,52,10,0.188,.288,0.293,.581
DonovanDWaltonWaltonB,NYM,70,190,20,33,11,1,4,22,11,48.0,1,2,0.174,.227,0.305,.532
JeVonJWardWardRF,TOR,1,0,0,0,0,0,0,0,0,0.0,0,0,0.0,0.0,0.0,0.0
TaylorTWardWardLF,LAA,547,1915,273,483,93,6,77,242,205,514.0,20,10,0.252,.330,0.428,.758
RyanRWardWardB,LAD,5,11,0,1,0,0,0,0,0,6.0,0,0,0.091,0.091,0.091,0.182
DrewDWatersWatersCF,KC,3,7,1,2,1,0,0,3,1,2.0,1,0,0.286,0.375,0.429,0.804
KahlilKWatsonWatsonLF,CLE,2,2,0,0,0,0,0,0,0,0.0,0,0,0.0,0.333,0.0,0.333
AndyAWeberWeberSS,AZ,1,1,0,0,0,0,0,0,0,0.0,0,0,0.0,0.0,0.0,0.0
JordanJWeemsWeemsP,ATL,16,0,0,0,0,0,0,0,0,0.0,0,0,0.0,.000,0.0,.000
JaredJWegnerWegnerRF,NYY,3,3,0,1,0,0,0,0,0,2.0,1,0,0.333,0.333,0.333,0.666
DavisDWendzelWendzelX,CIN,2,3,0,0,0,0,0,0,0,2.0,0,0,0.0,0.0,0.0,0.0
JordanJWestburgWestburgB,BAL,175,624,83,164,43,7,21,86,38,153.0,10,4,0.263,.312,0.455,.767
MattMWhatleyWhatleyC,TOR,1,1,1,0,0,0,0,0,0,1.0,0,0,0.0,0.5,0.0,0.5
ShaySWhitcombWhitcombB,HOU,2,4,1,2,0,0,0,1,1,1.0,1,0,0.5,0.6,0.5,1.1
EliEWhiteWhiteB,ATL,2,4,1,4,0,0,0,0,1,0.0,0,1,1.0,1.0,1.0,2.0
JoeyJWiemerWiemerCF,KC,3,7,1,0,0,0,0,0,2,2.0,0,0,0.0,0.222,0.0,0.222
CreedCWillemsWillemsB,BAL,1,2,0,0,0,0,0,0,0,0.0,0,0,0.0,0.0,0.0,0.0
AlikaAWilliamsWilliamsB,PIT,83,188,20,38,9,2,0,11,12,57.0,1,0,0.202,.257,0.271,.528
CarsonCWilliamsWilliamsSS,TB,2,3,0,1,0,0,0,0,2,0.0,0,0,0.333,0.6,0.333,0.933
JettJWilliamsWilliamsB,NYM,2,5,0,1,0,0,0,0,0,0.0,0,0,0.2,0.2,0.2,0.4
LukeLWilliamsWilliamsB,ATL,2,5,0,0,0,0,0,0,0,4.0,0,0,0.0,0.0,0.0,0.0
BenBWilliamsonWilliamsonB,SEA,3,5,2,3,0,1,0,3,0,0.0,0,0,0.6,0.6,1.0,1.6
JacobJWilsonWilsonSS,ATH,28,92,11,23,2,2,0,3,8,10.0,0,0,0.25,.314,0.315,.629
PeytonPWilsonWilsonB,KC,4,2,1,0,0,0,0,0,1,0.0,0,0,0.0,0.333,0.0,0.333
WillWWilsonWilsonB,CLE,2,4,1,1,0,0,0,0,0,1.0,0,0,0.25,0.25,0.25,0.5
BraylenBWimmerWimmerB,COL,1,0,0,0,0,0,0,0,0,0.0,0,0,0.0,0.0,0.0,0.0
JesseJWinkerWinkerLF,NYM,755,2364,344,620,122,3,95,324,356,511.0,17,7,0.262,.367,0.437,.804
JackJWinklerWinklerSS,MIA,2,2,2,1,1,0,0,1,2,0.0,0,0,0.5,0.75,1.0,1.75
MasynMWinnWinnSS,STL,187,709,93,178,34,5,17,69,51,135.0,13,6,0.251,.299,0.385,.684
BrettBWiselyWiselyB,SF,142,372,35,81,18,1,6,39,22,105.0,4,4,0.218,.263,0.32,.583
BobbyBWittJrWittSS,KC,469,1868,304,538,104,28,82,285,127,362.0,110,34,0.288,.336,0.505,.841
EthanEWorkingerWorkingerX,ATL,2,2,1,0,0,0,0,0,0,0.0,0,0,0.0,0.0,0.0,0.0
BlakeBWrightWrightB,COL,1,1,0,1,0,0,0,0,0,0.0,0,0,1.0,1.0,1.0,2.0
RyanRWrobleskiWrobleskiX,HOU,2,2,0,0,0,0,0,0,0,1.0,0,0,0.0,0.333,0.0,0.333
AustinAWynnsWynnsC,CIN,239,621,66,143,24,0,13,63,35,152.0,2,0,0.23,.277,0.332,.609
JefryJYanYanP,COL,2,0,0,0,0,0,0,0,0,0.0,0,0,0.0,0.0,0.0,0.0
MikeMYastrzemskiYastrzemskiRF,SF,694,2274,365,543,134,22,106,318,257,657.0,18,10,0.239,.322,0.457,.779
JuanJYepezYepezX,WSH,2,4,0,1,1,0,0,1,0,0.0,0,0,0.25,0.25,0.5,0.75
NickNYorkeYorkeB,PIT,11,37,4,8,0,0,2,5,4,12.0,2,0,0.216,.286,0.378,.664
ColeCYoungYoungDH,SEA,3,6,1,2,0,0,0,0,0,1.0,0,0,0.333,0.333,0.333,0.666
JaredJYoungYoungB,NYM,22,62,10,13,2,3,2,8,6,20.0,3,0,0.21,.290,0.435,.725
WyattWYoungYoungSS,NYM,1,4,0,1,0,0,0,0,0,2.0,0,0,0.25,0.25,0.25,0.5
AaronAZavalaZavalaLF,TEX,1,3,0,0,0,0,0,0,0,2.0,0,0,0.0,0.0,0.0,0.0
SebySZavalaZavalaC,BOS,194,497,59,102,23,0,15,56,40,200.0,1,0,0.205,.271,0.342,.613
AdamAZebrowskiZebrowskiC,ATL,1,1,0,0,0,0,0,0,0,1.0,0,0,0.0,0.0,0.0,0.0
TravisTdArnauddArnaudC,LAA,884,3032,374,753,157,6,123,438,239,682.0,3,1,0.248,.309,0.426,.735
