Player,W,L,ERA,G,GS,CG,SHO,SV,SVO,IP,H,R,ER,HR,HB,BB,SO,WHIP,AVG,Team
LuisLGuerreroGuerreroP,0,0,0.00,9,0,0,0,0,0,10.0,6,1,0,0.0,0.0,2,9,0.80,.182,BOS
AndrewAHoffmannHoffmannP,1,0,3.00,2,0,0,0,0,0,3.0,3,1,1,0.0,0.0,0,5,1.00,0.25,KC
CarsonCSpiersSpiersP,5,8,5.64,26,12,0,0,1,1,103.2,130,71,65,21.0,5.0,34,92,1.58,.300,CIN
JustinJSteeleSteeleP,29,21,3.24,98,87,1,0,0,0,484.0,439,207,174,46.0,19.0,150,496,1.22,.238,CHC
KolbyKAllardAllardP,11,24,5.99,76,42,0,0,1,1,272.0,301,188,181,55.0,9.0,92,227,1.44,.275,CLE
OsvaldoOBidoBidoP,7,8,4.50,32,18,0,0,0,0,114.0,98,60,57,7.0,15.0,47,111,1.27,.229,ATH
KyleKBrnovichBrnovichP,0,0,0.00,1,0,0,0,1,1,2.0,2,0,0,0.0,0.0,1,4,1.50,0.25,BAL
GarrettGCrochetCrochetP,9,19,3.29,104,32,0,0,0,2,219.0,180,89,80,21.0,8.0,73,294,1.16,.220,BOS
RyanRCusickCusickP,0,0,0.00,2,0,0,0,0,0,1.2,1,0,0,0.0,0.0,3,4,2.40,0.167,ATH
GersonGGarabitoGarabitoP,0,2,4.78,18,2,0,0,0,1,26.1,23,15,14,4.0,4.0,12,22,1.33,.240,TEX
JoeyJGerberGerberP,1,1,4.02,17,0,0,0,0,1,15.2,13,8,7,1.0,1.0,5,6,1.15,.241,TB
JTJGinnGinnP,1,1,4.24,8,6,0,0,0,0,34.0,36,16,16,4.0,2.0,9,29,1.32,.275,ATH
GordonGGraceffoGraceffoP,0,1,4.70,2,1,0,0,0,0,7.2,7,4,4,1.0,0.0,2,6,1.17,.250,STL
ConorCGrammesGrammesP,0,0,0.00,2,0,0,0,1,1,2.0,0,0,0,0.0,1.0,1,4,0.50,0.0,AZ
JesseJHahnHahnP,19,21,4.22,82,50,1,1,4,6,311.1,296,163,146,24.0,17.0,121,241,1.34,.250,SEA
ColeCHenryHenryP,0,0,0.00,1,0,0,0,0,0,1.1,2,0,0,0.0,0.0,0,4,1.50,0.333,WSH
JustinJJarvisJarvisP,0,1,22.50,2,0,0,0,0,2,2.0,4,5,5,0.0,0.0,3,4,3.50,0.4,LAD
EvanJJusticeJusticeP,0,0,8.22,10,0,0,0,0,0,7.2,14,7,7,0.0,1.0,9,8,3.00,.424,COL
KentaKMaedaMaedaP,68,56,4.17,219,172,0,0,6,6,978.2,864,478,453,141.0,37.0,279,1047,1.17,.234,DET
TrevorTMartinMartinP,0,0,6.75,2,0,0,0,0,0,1.1,2,1,1,1.0,0.0,0,4,1.50,0.333,TB
CarsonCRagsdaleRagsdaleP,0,0,0.00,1,0,0,0,0,0,2.0,1,0,0,0.0,0.0,1,4,1.00,0.143,SF
TannerTRaineyRaineyP,5,10,5.23,198,0,0,0,15,26,189.1,156,118,110,33.0,12.0,125,236,1.48,.221,PIT
EvanEReifertReifertP,0,0,4.50,2,0,0,0,0,1,2.0,0,1,1,0.0,0.0,1,4,0.50,0.0,WSH
JakeJRiceRiceP,0,1,32.40,2,0,0,0,0,0,1.2,6,7,6,0.0,0.0,2,4,4.80,0.5,AZ
MaxMScherzerScherzerP,0,0,4.50,1,1,0,0,0,0,2.0,1,1,1,0.0,0.0,0,4,0.50,0.167,TOR
BradyBSingerSingerP,36,44,4.28,127,124,1,0,0,0,685.1,695,347,326,82.0,42.0,214,645,1.33,.262,CIN
DaneDAckerAckerP,0,0,9.00,1,0,0,0,0,0,1.0,2,1,1,0.0,0.0,1,3,3.00,0.4,TEX
AustinAAdamsAdamsP,7,7,4.10,188,2,0,0,0,8,155.2,110,80,71,11.0,44.0,98,223,1.34,.199,BOS
AustinAAdamsAdamsP,2,0,6.45,68,0,0,0,1,1,75.1,91,57,54,12.0,0.0,34,58,1.66,.294,BOS
KeeganKAkinAkinP,11,18,4.70,167,25,0,0,3,6,304.2,296,175,159,41.0,6.0,96,318,1.29,.252,BAL
PhilPBickfordBickfordP,11,8,4.62,187,0,0,0,2,6,189.0,162,105,97,28.0,12.0,73,210,1.24,.228,CHC
HaydenHBirdsongBirdsongP,5,6,4.75,16,16,0,0,0,0,72.0,57,39,38,11.0,4.0,43,88,1.39,.216,SF
AJABlubaughBlubaughP,1,0,13.50,1,0,0,0,0,1,2.0,3,3,3,1.0,0.0,0,3,1.50,0.333,HOU
JuanJBurgosBurgosP,0,0,0.00,2,0,0,0,0,0,1.2,0,0,0,0.0,0.0,0,3,0.00,0.0,SEA
CorbinCBurnesBurnesP,60,36,3.19,199,138,0,0,2,3,903.2,707,351,320,97.0,35.0,254,1051,1.06,.212,AZ
JoeyJCantilloCantilloP,2,4,4.89,9,8,0,0,0,0,38.2,35,22,21,6.0,0.0,15,44,1.29,.238,CLE
EibersonECastellanoCastellanoP,0,0,0.00,1,0,0,0,0,0,1.0,0,0,0,0.0,0.0,1,3,1.00,0.0,MIN
DiegoDCastilloCastilloP,24,18,3.20,265,17,0,0,35,47,278.1,202,116,99,33.0,16.0,109,310,1.12,.201,COL
HansHCrouseCrouseP,4,5,3.34,27,2,0,0,0,1,32.1,18,14,12,4.0,2.0,24,36,1.30,.162,LAA
StevenSCruzCruzP,0,0,3.44,15,4,0,0,0,0,18.1,12,7,7,1.0,1.0,11,19,1.25,.176,KC
ChaseCDollanderDollanderP,0,0,4.50,1,1,0,0,0,0,2.0,2,1,1,1.0,0.0,0,3,1.00,0.25,COL
ShaneSDrohanDrohanP,1,0,0.00,1,0,0,0,0,0,2.0,0,0,0,0.0,0.0,0,3,0.00,0.0,BOS
JuniorJunFernndezFernndezP,1,1,5.17,50,0,0,0,0,4,54.0,58,32,31,8.0,5.0,35,47,1.72,.276,KC
RicoRGarciaGarciaP,1,2,7.32,30,1,0,0,0,1,35.2,49,29,29,11.0,0.0,18,21,1.88,.329,NYM
LoganLGilbertGilbertP,41,30,3.60,121,121,2,1,0,0,704.1,599,299,282,91.0,18.0,150,711,1.06,.226,SEA
AustinAGomberGomberP,35,40,4.86,156,112,0,0,0,0,648.0,681,367,350,104.0,15.0,203,505,1.36,.270,COL
HunterHGreeneGreeneP,18,25,3.90,72,72,1,1,0,0,388.0,311,176,168,55.0,37.0,153,485,1.20,.217,CIN
RyanRGustoGustoP,0,0,0.00,1,1,0,0,0,0,2.0,0,0,0,0.0,0.0,1,3,0.50,0.0,HOU
ThomasTHatchHatchP,4,4,4.96,39,6,0,0,0,1,69.0,74,46,38,9.0,5.0,33,61,1.55,.276,KC
BrentBHeadrickHeadrickP,3,0,5.97,15,0,0,0,1,2,28.2,29,19,19,8.0,4.0,12,35,1.43,.259,NYY
KyleKHendricksHendricksP,97,81,3.68,276,270,6,4,0,0,1580.1,1501,696,647,184.0,64.0,364,1259,1.18,.250,LAA
WilkelWHernandezHernandezP,1,0,0.00,1,0,0,0,0,0,2.0,1,0,0,0.0,0.0,2,3,1.50,0.143,DET
CarlosCHernndezHernndezP,7,19,4.95,150,25,0,0,4,12,256.1,246,150,141,29.0,8.0,125,226,1.45,.253,KC
CarlosCHernndezHernndezP,9,8,4.54,35,33,0,0,0,0,170.2,173,89,86,23.0,8.0,91,136,1.55,.264,KC
SeanSHjelleHjelleP,6,7,4.81,81,0,0,0,0,1,134.2,155,81,72,16.0,10.0,35,134,1.41,.287,SF
NolanNHoffmanHoffmanP,0,1,21.60,2,0,0,0,0,0,1.2,5,4,4,1.0,0.0,1,3,3.60,0.5,TEX
ClayCHolmesHolmesP,24,22,3.71,311,4,0,0,74,99,337.1,286,161,139,20.0,30.0,153,360,1.30,.226,NYM
DakotaDHudsonHudsonP,40,32,4.21,132,97,0,0,1,1,559.2,538,287,262,56.0,32.0,265,364,1.43,.257,LAA
BrantBHurterHurterP,6,1,2.58,10,1,0,0,0,0,45.1,34,13,13,4.0,0.0,6,38,0.88,.204,DET
JoeJJacquesJacquesP,2,1,5.46,25,1,0,0,1,1,29.2,38,20,18,3.0,7.0,11,22,1.65,.322,LAD
JaredJJonesJonesP,6,8,4.14,22,22,0,0,0,0,121.2,106,60,56,18.0,5.0,39,132,1.19,.232,PIT
JamesJKarinchakKarinchakP,12,11,3.10,174,0,0,0,15,27,165.2,98,64,57,18.0,6.0,98,253,1.18,.169,CWS
BradBKellerKellerP,38,57,4.34,166,116,2,1,2,5,720.1,727,375,347,71.0,27.0,318,538,1.45,.263,CHC
ZakZKentKentP,0,0,3.00,2,0,0,0,0,0,3.0,2,1,1,0.0,0.0,1,3,1.00,0.2,CLE
CalebCKilianKilianP,0,4,9.22,8,5,0,0,0,0,27.1,35,31,28,2.0,5.0,20,21,2.01,.318,CHC
WillWKleinKleinP,1,0,11.05,8,0,0,0,0,0,7.1,12,9,9,0.0,0.0,6,7,2.45,.387,SEA
JackJKochanowiczKochanowiczP,2,6,3.99,11,11,0,0,0,0,65.1,68,30,29,7.0,8.0,10,25,1.19,.275,LAA
DeanDKremerKremerP,30,30,4.28,95,94,1,1,0,0,500.0,482,261,238,73.0,14.0,177,436,1.32,.251,BAL
BrooksBKriskeKriskeP,2,1,11.22,20,0,0,0,0,1,21.2,23,28,27,10.0,1.0,17,25,1.85,.280,CHC
MattMKrookKrookP,0,0,23.40,5,0,0,0,0,0,5.0,9,14,13,2.0,0.0,7,5,3.20,.360,ATH
SaurynSLaoLaoP,0,0,0.00,1,0,0,0,0,0,1.0,2,0,0,0.0,0.0,0,3,2.00,0.4,SEA
EastonELucasLucasP,1,0,9.82,14,0,0,0,0,0,18.1,27,21,20,2.0,1.0,13,17,2.18,.333,TOR
NickNMartinezMartinezP,37,45,4.09,240,103,1,0,9,16,774.1,777,388,352,108.0,35.0,247,554,1.32,.260,CIN
QuinnQMathewsMathewsP,0,0,0.00,1,1,0,0,0,0,2.0,2,0,0,0.0,0.0,1,3,1.50,0.25,STL
JuanJMejiaMejiaP,0,0,0.00,2,0,0,0,0,0,2.0,0,0,0,0.0,0.0,1,3,0.50,0.0,COL
CaseyCMizeMizeP,9,19,4.36,61,59,1,0,0,0,291.0,293,152,141,43.0,18.0,85,226,1.30,.259,DET
EliEMorganMorganP,18,12,3.97,161,19,0,0,1,7,265.1,239,131,117,43.0,8.0,70,262,1.16,.236,CHC
PatrickPMurphyMurphyP,0,3,4.76,35,0,0,0,0,0,39.2,45,25,21,3.0,4.0,20,38,1.64,.278,TEX
JackJNeelyNeelyP,0,0,9.00,6,0,0,0,0,0,6.0,8,6,6,2.0,0.0,2,7,1.67,.308,CHC
SeanSNewcombNewcombP,28,25,4.51,175,60,0,0,2,5,431.0,396,227,216,52.0,18.0,236,438,1.47,.243,BOS
RileyROBrienOBrienP,0,1,10.45,10,1,0,0,0,1,10.1,16,12,12,4.0,1.0,12,14,2.71,.348,STL
DouglasDOrellanaOrellanaP,0,0,9.00,1,0,0,0,0,0,1.0,1,1,1,1.0,0.0,0,3,1.00,0.25,NYM
EricEOrzeOrzeP,0,1,21.60,2,0,0,0,0,0,1.2,3,4,4,1.0,1.0,2,1,3.00,.375,TB
MichelMOtaezOtaezP,1,0,3.44,36,0,0,0,1,3,34.0,27,15,13,2.0,3.0,20,55,1.38,.214,ATH
BenBPeoplesPeoplesP,0,0,0.00,1,0,0,0,0,0,1.0,1,0,0,0.0,0.0,2,3,3.00,0.25,TB
TylerTPhillipsPhillipsP,4,1,6.87,8,7,1,1,0,0,36.2,45,28,28,9.0,2.0,7,28,1.42,.300,PHI
RobbieRRayRayP,77,73,3.98,233,229,1,1,0,0,1258.2,1102,593,557,194.0,47.0,535,1548,1.30,.234,SF
ColinCReaReaP,26,20,4.57,94,76,0,0,1,1,446.2,432,241,227,71.0,23.0,138,366,1.28,.251,CHC
DanielDRobertRobertP,1,0,3.18,4,0,0,0,0,0,5.2,6,2,2,1.0,2.0,2,6,1.41,.273,TEX
TekoahTRobyRobyP,0,0,0.00,1,0,0,0,0,0,2.0,0,0,0,0.0,1.0,0,3,0.00,0.0,STL
BradgleyBRodriguezRodriguezP,0,0,0.00,2,0,0,0,0,0,2.0,0,0,0,0.0,0.0,0,3,0.00,0.0,SD
JoseJRodriguezRodriguezP,0,1,9.00,12,0,0,0,0,0,8.0,14,10,8,0.0,1.0,9,3,2.88,.368,LAD
JoJoJRomeroRomeroP,11,5,4.24,132,0,0,0,4,15,131.2,119,67,62,17.0,9.0,42,128,1.22,.242,STL
LandenLRouppRouppP,1,2,3.58,23,4,0,0,0,0,50.1,43,21,20,2.0,1.0,26,47,1.37,.226,SF
JPJSearsSearsP,22,30,4.36,81,75,0,0,0,0,423.0,404,214,205,70.0,32.0,125,349,1.25,.251,ATH
CristopherCSnchezSnchezP,17,16,3.70,72,53,2,1,1,1,333.2,324,153,137,33.0,7.0,84,297,1.22,.252,PHI
KaiWeiKTengTengP,0,0,9.82,4,0,0,0,0,0,11.0,15,12,12,2.0,1.0,8,7,2.09,.326,SF
EdwinEUcetaUcetaP,2,3,3.62,55,1,0,0,5,6,82.0,59,38,33,7.0,3.0,29,98,1.07,.199,TB
LouisLVarlandVarlandP,5,11,5.51,38,22,0,0,0,0,143.2,160,90,88,32.0,6.0,39,141,1.39,.278,MIN
WillWWarrenWarrenP,0,3,10.32,6,5,0,0,0,0,22.2,33,27,26,5.0,1.0,10,29,1.90,.340,NYY
JordanJWeemsWeemsP,6,4,5.26,140,0,0,0,0,6,155.2,138,99,91,26.0,6.0,77,161,1.38,.234,ATL
HaydenHWesneskiWesneskiP,9,13,3.93,68,22,0,0,0,2,190.0,162,96,83,35.0,8.0,60,183,1.17,.225,HOU
TylerTWoessnerWoessnerP,0,0,13.50,2,0,0,0,0,0,1.1,2,2,2,0.0,1.0,2,3,3.00,0.333,MIL
SimeonSWoodsRichardsonWoodsRichardsonP,5,6,4.33,30,29,0,0,0,0,143.1,135,71,69,18.0,3.0,53,125,1.31,.247,MIN
JefryJYanYanP,0,0,0.00,2,0,0,0,0,0,2.0,1,0,0,0.0,0.0,2,3,1.50,0.167,COL
StevenSZobacZobacP,0,0,4.50,1,0,0,0,0,0,2.0,2,1,1,0.0,0.0,1,3,1.50,0.25,KC
GarrettGActonActonP,0,0,12.71,6,0,0,0,0,0,5.2,9,8,8,3.0,1.0,5,5,2.47,.346,TB
JoseJAcunaAcunaP,0,1,9.00,1,0,0,0,0,0,2.0,3,2,2,1.0,0.0,1,2,2.00,0.429,CIN
MasonMAdamsAdamsP,0,0,0.00,1,0,0,0,0,0,1.0,0,0,0,0.0,0.0,0,2,0.00,0.0,CWS
RobbyRAhlstromAhlstromP,0,0,0.00,2,0,0,0,0,0,2.0,2,0,0,0.0,0.0,0,2,1.00,0.25,TEX
JasonJAlexanderAlexanderP,2,3,5.40,18,11,0,0,0,0,71.2,88,47,43,12.0,4.0,28,46,1.62,.312,ATH
SpencerSArrighettiArrighettiP,7,13,4.53,29,28,0,0,0,0,145.0,139,80,73,21.0,7.0,65,171,1.41,.250,HOU
LuinderLAvilaAvilaP,0,0,0.00,1,0,0,0,0,0,2.0,0,0,0,0.0,0.0,1,2,0.50,0.0,KC
JordanJBalazovicBalazovicP,1,0,4.44,18,0,0,0,0,0,24.1,26,13,12,5.0,0.0,12,17,1.56,.274,DET
AndrewABashBashP,0,0,6.75,1,0,0,0,0,0,1.1,1,1,1,1.0,0.0,0,2,0.75,0.2,TOR
BradyBBassoBassoP,1,1,4.03,7,4,0,0,0,0,22.1,23,10,10,3.0,0.0,5,19,1.25,.264,ATH
ValenteVBellozoBellozoP,3,4,3.67,13,13,0,0,0,0,68.2,69,31,28,15.0,2.0,21,44,1.31,.256,MIA
AnthonyABenderBenderP,9,7,3.37,141,1,0,0,10,18,133.2,112,54,50,11.0,11.0,46,147,1.18,.229,MIA
SamSBenschoterBenschoterP,0,0,9.00,1,0,0,0,0,0,1.0,1,1,1,0.0,1.0,0,2,1.00,0.333,CIN
MasonMBlackBlackP,1,5,6.44,9,8,0,0,0,0,36.1,46,26,26,7.0,3.0,15,31,1.68,.309,SF
BradleyBBlalockBlalockP,1,3,5.87,7,6,0,0,0,0,30.2,35,22,20,4.0,1.0,20,20,1.79,.278,COL
JonathanJBowlanBowlanP,0,2,7.94,3,2,0,0,0,0,5.2,11,5,5,4.0,0.0,3,6,2.47,.393,KC
MatthewMBoydBoydP,46,69,4.85,182,168,2,1,0,0,908.1,899,520,489,157.0,44.0,294,891,1.31,.256,CHC
SeanSBoyleBoyleP,0,0,0.00,1,1,0,0,0,0,3.0,4,0,0,0.0,0.0,1,2,1.67,0.364,NYY
CodyCBradfordBradfordP,10,6,4.28,34,21,0,0,0,0,132.1,120,65,63,21.0,2.0,25,121,1.10,.236,TEX
HuascarHBrazobnBrazobnP,7,6,3.79,116,0,0,0,0,9,142.1,117,67,60,10.0,9.0,77,156,1.36,.223,NYM
AaronABrownBrownP,0,0,0.00,1,0,0,0,0,0,2.0,1,0,0,0.0,0.0,1,2,1.00,0.143,HOU
BenBBrownBrownP,1,3,3.58,15,8,0,0,0,0,55.1,41,22,22,5.0,1.0,19,64,1.08,.208,CHC
KrisKBubicBubicP,11,29,4.66,97,60,0,0,1,4,355.1,374,202,184,51.0,14.0,151,328,1.48,.273,KC
RaymondRBurgosBurgosP,0,0,9.00,1,0,0,0,0,0,1.0,3,1,1,0.0,0.0,1,1,4.00,.500,SF
ChrisCCamposCamposP,0,0,0.00,1,0,0,0,0,0,1.0,1,0,0,0.0,0.0,0,2,1.00,0.25,LAD
SamSCarlsonCarlsonP,0,0,0.00,2,0,0,0,0,0,2.0,1,0,0,0.0,0.0,3,2,2.00,0.143,LAD
SladeSCecconiCecconiP,2,8,6.06,27,17,0,0,0,0,104.0,119,70,70,20.0,6.0,21,84,1.35,.285,CLE
ChandlerCChamplainChamplainP,0,0,20.25,1,1,0,0,0,0,1.1,2,3,3,0.0,2.0,1,2,2.25,0.333,KC
AngelAChivilliChivilliP,2,3,4.55,30,0,0,0,1,3,31.2,31,17,16,7.0,1.0,10,28,1.29,.254,COL
TylerTClevelandClevelandP,0,0,0.00,1,0,0,0,0,0,1.0,0,0,0,0.0,0.0,2,2,2.00,0.0,SEA
AlexanderACornielleCornielleP,1,0,13.50,2,0,0,0,0,0,2.0,2,3,3,1.0,0.0,1,2,1.50,0.25,MIL
JoshuaJCorniellyCorniellyP,0,0,0.00,1,0,0,0,0,0,1.2,1,0,0,0.0,0.0,0,2,0.60,0.167,NYM
RyanRCosteiuCosteiuP,1,0,18.00,1,0,0,0,0,1,1.0,2,2,2,1.0,0.0,1,2,3.00,0.4,LAA
AustinACoxCoxP,0,1,4.54,24,3,0,0,1,1,35.2,28,20,18,2.0,2.0,17,33,1.26,.220,KC
FernandoFCruzCruzP,4,11,4.52,141,7,0,0,0,4,147.1,115,78,74,16.0,4.0,72,228,1.27,.209,NYY
DuganDDarnellDarnellP,1,0,4.50,2,0,0,0,0,1,2.0,2,1,1,0.0,0.0,2,2,2.00,0.25,COL
MichaelMDarrellHicksDarrellHicksP,0,0,0.00,1,0,0,0,0,0,1.0,0,0,0,0.0,0.0,0,2,0.00,0.0,LAA
JackJDashwoodDashwoodP,0,0,16.20,2,0,0,0,0,1,1.2,2,3,3,0.0,2.0,1,2,1.80,0.286,LAA
AustinADavisDavisP,4,5,5.77,143,3,0,0,0,4,151.1,155,107,97,20.0,13.0,78,165,1.54,.262,SD
NoahNDavisDavisP,0,4,7.71,18,6,0,0,0,0,51.1,77,47,44,10.0,4.0,23,43,1.95,.350,BOS
TrentonTDenholmDenholmP,0,0,0.00,1,0,0,0,0,0,1.0,0,0,0,0.0,0.0,0,2,0.00,0.0,CLE
ChrisCDevenskiDevenskiP,27,22,3.98,303,7,0,0,8,28,400.0,343,190,177,58.0,14.0,111,415,1.14,.229,NYM
JakeJDiekmanDiekmanP,27,34,3.91,705,0,0,0,19,48,602.1,483,312,262,53.0,47.0,358,764,1.40,.217,ATL
JackJDreyerDreyerP,0,0,4.50,2,0,0,0,0,0,2.0,2,1,1,1.0,0.0,1,2,1.50,0.25,LAD
DaneDDunningDunningP,28,32,4.35,124,102,0,0,0,0,572.2,569,291,277,75.0,36.0,213,517,1.37,.259,TEX
CarlosCDuranDuranP,0,0,0.00,1,0,0,0,0,0,1.0,0,0,0,0.0,0.0,0,2,0.00,0.0,LAD
BrandonBEisertEisertP,0,0,4.05,3,0,0,0,0,0,6.2,5,3,3,0.0,0.0,4,2,1.35,.227,CWS
JoshJEknessEknessP,0,0,0.00,1,0,0,0,0,0,1.0,1,0,0,0.0,0.0,1,2,2.00,0.25,MIA
BryceBElderElderP,16,13,4.17,51,50,1,1,0,0,278.1,268,135,129,31.0,13.0,103,221,1.33,.253,ATL
DietrichDEnnsEnnsP,2,0,3.42,11,1,0,0,2,2,26.1,24,12,10,3.0,0.0,7,27,1.18,.235,DET
JoseJEspadaEspadaP,0,0,0.00,1,0,0,0,0,0,1.0,0,0,0,0.0,0.0,2,2,2.00,.000,SD
LazaroLEstradaEstradaP,0,0,0.00,1,0,0,0,0,0,2.0,0,0,0,0.0,0.0,1,2,0.50,0.0,TOR
JoseAJFerrerFerrerP,4,0,4.23,70,0,0,0,1,4,66.0,64,31,31,5.0,3.0,19,50,1.26,.259,WSH
DavidDFestaFestaP,2,6,4.90,14,13,0,0,0,0,64.1,62,36,35,9.0,2.0,23,77,1.32,.247,MIN
BraydonBFisherFisherP,0,0,0.00,1,0,0,0,0,0,1.0,0,0,0,0.0,0.0,0,2,0.00,0.0,TOR
RichardRFittsFittsP,0,1,1.74,4,4,0,0,0,0,20.2,19,6,4,0.0,0.0,7,9,1.26,.250,BOS
MasonMFluhartyFluhartyP,0,0,0.00,1,0,0,0,0,0,1.0,1,0,0,0.0,0.0,0,2,1.00,0.25,TOR
KyleKFreelandFreelandP,60,73,4.48,205,200,0,0,0,0,1097.2,1201,585,546,158.0,41.0,354,820,1.42,.280,COL
ShintaroSFujinamiFujinamiP,7,8,7.18,64,7,0,0,2,6,79.0,73,65,63,9.0,7.0,45,83,1.49,.242,SEA
KodyKFunderburkFunderburkP,3,0,5.01,38,0,0,0,1,1,46.2,47,27,26,5.0,6.0,20,51,1.44,.266,MIN
ZacZGallenGallenP,53,37,3.29,143,143,2,2,0,0,815.1,667,316,298,86.0,32.0,258,885,1.13,.221,AZ
JustinJGarzaGarzaP,2,3,5.74,38,1,0,0,0,1,47.0,49,33,30,8.0,1.0,30,46,1.68,.265,SF
PaulPGervaseGervaseP,0,1,16.20,2,0,0,0,0,0,1.2,2,4,3,0.0,0.0,5,2,4.20,0.25,TB
GeoffreyGGilbertGilbertP,0,1,6.75,2,0,0,0,0,0,1.1,1,1,1,0.0,0.0,2,2,2.25,0.2,NYY
LoganLGillaspieGillaspieP,1,1,5.02,37,0,0,0,0,3,37.2,49,24,21,5.0,4.0,8,25,1.51,.316,SD
ConnorCGillispieGillispieP,0,0,2.25,3,0,0,0,0,0,8.0,4,2,2,0.0,0.0,5,8,1.13,.154,MIA
KevinKGinkelGinkelP,21,8,3.47,238,0,0,0,13,25,233.1,203,113,90,22.0,8.0,85,254,1.23,.233,AZ
TylerTGlasnowGlasnowP,39,33,3.81,149,110,0,0,0,0,663.2,519,300,281,84.0,10.0,247,846,1.15,.212,LAD
TonyTGonsolinGonsolinP,34,11,3.19,79,71,0,0,1,2,375.2,264,141,133,44.0,13.0,131,349,1.05,.195,LAD
TannerTGordonGordonP,0,6,8.65,8,8,0,0,0,0,34.1,53,34,33,10.0,2.0,6,26,1.72,.356,COL
TysonTGuerreroGuerreroP,0,0,0.00,1,0,0,0,0,0,2.0,0,0,0,0.0,0.0,0,2,0.00,0.0,KC
JustinJHagenmanHagenmanP,0,0,0.00,1,0,0,0,0,0,2.0,1,0,0,0.0,0.0,0,2,0.50,0.143,NYM
EmersonEHancockHancockP,4,4,4.71,15,15,0,0,0,0,72.2,75,43,38,13.0,6.0,22,45,1.33,.263,SEA
TysonTHardinHardinP,0,0,0.00,1,0,0,0,0,0,1.0,0,0,0,0.0,0.0,3,2,3.00,0.0,MIL
HoganHHarrisHarrisP,7,10,4.85,35,15,0,0,0,0,135.1,132,80,73,17.0,6.0,61,117,1.43,.256,ATH
GeoffGHartliebHartliebP,1,1,7.37,64,0,0,0,0,0,79.1,93,68,65,11.0,6.0,55,76,1.87,.296,NYY
GrantGHartwigHartwigP,5,2,5.14,32,0,0,0,0,0,42.0,40,29,24,4.0,8.0,19,34,1.40,.248,NYM
JonathanJHeasleyHeasleyP,5,12,5.89,40,24,0,0,0,1,139.0,150,99,91,29.0,10.0,55,89,1.47,.277,CWS
ClayCHelveyHelveyP,0,0,0.00,2,0,0,0,0,0,2.0,0,0,0,0.0,0.0,3,2,1.50,0.0,WSH
LoganLHendersonHendersonP,0,0,0.00,1,0,0,0,0,0,1.0,2,0,0,0.0,0.0,0,2,2.00,0.4,MIL
JohnJHolobetzHolobetzP,0,0,27.00,1,0,0,0,0,0,1.0,2,3,3,1.0,0.0,1,2,3.00,0.4,MIL
BryanBHudsonHudsonP,6,1,2.41,49,0,0,0,0,3,71.0,40,19,19,8.0,4.0,21,69,0.86,.163,MIL
BrandonBHughesHughesP,2,6,4.75,89,2,0,0,8,14,89.0,80,49,47,21.0,9.0,39,106,1.34,.236,CHC
TylerTJayJayP,0,0,4.70,5,0,0,0,0,0,7.2,9,5,4,0.0,0.0,6,6,1.96,.300,MIL
RyanRJenningsJenningsP,1,0,0.00,1,0,0,0,0,0,2.0,2,0,0,0.0,1.0,0,2,1.00,0.25,TOR
AntonioAJimenezJimenezP,0,0,0.00,1,0,0,0,0,0,1.0,0,0,0,0.0,0.0,0,2,0.00,0.0,SF
JimmyJJoyceJoyceP,0,1,13.50,1,0,0,0,0,1,0.2,3,2,1,0.0,0.0,0,2,4.50,0.6,SEA
TylerTKinleyKinleyP,13,11,4.98,269,0,0,0,18,27,258.2,233,147,143,35.0,11.0,127,269,1.39,.239,COL
AustinAKitchenKitchenP,0,1,14.14,4,1,0,0,0,0,7.0,16,12,11,1.0,0.0,3,4,2.71,.421,SEA
JaredJKoenigKoenigP,10,7,3.73,65,11,0,0,1,3,101.1,94,47,42,8.0,9.0,38,85,1.30,.241,MIL
StephenSKolekKolekP,3,0,5.21,42,0,0,0,0,1,46.2,59,30,27,4.0,3.0,12,39,1.52,.303,SD
RonanRKoppKoppP,0,0,5.40,2,0,0,0,0,0,1.2,1,1,1,0.0,0.0,4,2,3.00,0.2,LAD
BenBKudrnaKudrnaP,0,0,0.00,1,0,0,0,0,0,2.0,3,0,0,0.0,0.0,0,2,1.50,0.333,KC
JoelJKuhnelKuhnelP,4,3,5.86,82,0,0,0,1,3,93.2,103,61,61,14.0,7.0,24,76,1.36,.278,PHI
AndryALaraLaraP,0,0,0.00,1,0,0,0,0,0,1.0,1,0,0,0.0,0.0,0,2,1.00,0.25,WSH
JohnathanJLavalleeLavalleeP,0,0,0.00,1,0,0,0,0,0,1.1,1,0,0,0.0,0.0,1,2,1.50,0.2,TOR
CodyCLawerysonLawerysonP,0,0,0.00,1,0,0,0,1,1,1.0,0,0,0,0.0,0.0,0,2,0.00,0.0,MIN
ChaseCLeeLeeP,0,0,4.50,2,0,0,0,0,0,2.0,3,1,1,1.0,0.0,0,2,1.50,0.333,DET
JackJLeftwichLeftwichP,0,0,0.00,1,0,0,0,0,0,1.0,0,0,0,0.0,0.0,1,2,1.00,0.0,CLE
JacobJLopezLopezP,1,0,4.76,8,2,0,0,1,1,22.2,19,14,12,2.0,4.0,9,16,1.24,.218,ATH
RyanRLoutosLoutosP,0,0,0.00,3,0,0,0,0,0,2.1,2,0,0,0.0,0.0,1,0,1.29,.222,STL
SethSLugoLugoP,56,40,3.38,334,97,1,0,16,31,847.2,756,343,318,95.0,31.0,221,829,1.15,.237,KC
DanielDLynchIVLynchP,13,23,4.91,67,54,0,0,1,1,295.1,314,171,161,45.0,14.0,113,250,1.45,.270,KC
ReynaldoRLpezLpezP,47,54,3.93,267,122,1,0,6,17,815.1,743,392,356,109.0,24.0,291,765,1.27,.242,ATL
TylerTMahleMahleP,33,42,4.32,126,125,0,0,0,0,648.1,612,334,311,99.0,30.0,235,687,1.31,.247,TEX
MattMManningManningP,11,15,4.43,50,50,0,0,0,0,254.0,242,138,125,30.0,9.0,85,178,1.29,.249,DET
DavisDMartinMartinP,3,11,4.61,25,19,0,0,0,1,113.1,113,61,58,13.0,8.0,42,95,1.37,.260,CWS
RileyRMartinMartinP,1,0,0.00,1,0,0,0,0,0,1.0,1,0,0,0.0,0.0,0,2,1.00,0.25,CHC
ZebbyZMatthewsMatthewsP,1,4,6.69,9,9,0,0,0,0,37.2,51,31,28,11.0,2.0,11,43,1.65,.311,MIN
DarrenDMcCaughanMcCaughanP,0,0,6.43,17,6,0,0,2,2,56.0,68,45,40,13.0,7.0,22,40,1.61,.300,MIN
GriffGMcGarryMcGarryP,0,0,9.00,1,0,0,0,0,0,1.0,2,1,1,0.0,0.0,0,2,2.00,0.4,PHI
ScottSMcGoughMcGoughP,3,10,5.83,95,3,0,0,9,16,109.2,106,77,71,20.0,3.0,55,115,1.47,.252,AZ
JulianJMerryweatherMerryweatherP,6,6,4.58,131,5,0,0,4,8,139.2,131,72,71,16.0,7.0,62,162,1.38,.247,CHC
LuisLMeyMeyP,0,0,0.00,1,0,0,0,0,0,1.0,1,0,0,0.0,1.0,0,2,1.00,0.25,CIN
AndrewAMisiaszekMisiaszekP,0,0,0.00,1,0,0,0,0,0,1.0,1,0,0,0.0,0.0,2,2,3.00,0.25,CLE
BrockBMooreMooreP,0,0,27.00,1,0,0,0,0,0,0.2,0,2,2,0.0,1.0,2,2,3.00,0.0,SEA
PennPMurfeeMurfeeP,5,2,2.70,80,1,0,0,0,1,83.1,53,28,25,8.0,3.0,28,92,0.97,.179,CWS
GermnGMrquezMrquezP,65,56,4.42,177,174,4,2,0,0,1020.0,1007,536,501,142.0,32.0,306,986,1.29,.257,COL
BrandonBNeeckNeeckP,0,0,0.00,1,0,0,0,0,0,1.0,1,0,0,0.0,0.0,2,2,3.00,0.25,LAD
BradenBNettNettP,0,0,13.50,1,1,0,0,0,0,2.0,2,3,3,0.0,2.0,1,2,1.50,0.286,SD
DougDNikhazyNikhazyP,0,0,0.00,1,0,0,0,0,0,2.0,0,0,0,0.0,0.0,0,2,0.00,0.0,CLE
VinnyVNittoliNittoliP,0,1,2.41,15,0,0,0,0,0,18.2,15,5,5,2.0,2.0,5,13,1.07,.221,MIL
RyanROchOchP,0,0,0.00,2,0,0,0,0,0,2.0,1,0,0,0.0,0.0,0,2,0.50,0.143,SD
StevenSOkertOkertP,15,11,3.92,272,3,0,0,1,15,229.2,185,108,100,33.0,19.0,96,253,1.22,.220,HOU
HelcrisHOlivarezOlivarezP,0,0,0.00,1,0,0,0,0,0,1.0,0,0,0,0.0,0.0,0,2,0.00,0.0,SF
RobinsonROrtizOrtizP,0,0,4.50,2,0,0,0,0,0,2.0,0,1,1,0.0,0.0,2,2,1.00,0.0,LAD
DanielDPalenciaPalenciaP,5,4,5.02,37,0,0,0,1,2,43.0,36,27,24,3.0,3.0,26,49,1.44,.228,CHC
JoelJPegueroPegueroP,0,0,0.00,1,0,0,0,0,0,1.0,1,0,0,0.0,0.0,0,2,1.00,0.25,SF
FrancisFPenaPenaP,0,0,4.50,2,0,0,0,0,0,2.0,2,1,1,1.0,0.0,1,2,1.50,0.25,SD
LuisLPeraltaPeraltaP,0,0,0.73,15,0,0,0,0,0,12.1,7,1,1,0.0,2.0,5,14,0.97,.175,COL
JackJPerkinsPerkinsP,0,0,0.00,1,0,0,0,0,0,2.0,0,0,0,0.0,0.0,1,2,0.50,0.0,ATH
AndersonAPilarPilarP,0,0,13.50,1,0,0,0,0,0,0.2,2,1,1,0.0,0.0,0,2,3.00,0.5,ATL
ColinCPochePocheP,22,12,3.63,225,0,0,0,12,31,208.1,151,90,84,31.0,7.0,78,230,1.10,.200,WSH
DrewDPomeranzPomeranzP,48,58,3.91,289,140,0,0,9,13,858.1,786,403,373,110.0,23.0,369,883,1.35,.244,SEA
MichaelMProseckyProseckyP,0,0,0.00,1,0,0,0,0,0,1.0,0,0,0,0.0,0.0,0,2,0.00,0.0,COL
AJAPukPukP,17,20,3.53,204,4,0,0,22,42,219.0,186,100,86,24.0,15.0,75,271,1.19,.224,AZ
MattMPushardPushardP,0,0,0.00,2,0,0,0,1,1,2.0,0,0,0,0.0,0.0,0,2,0.00,0.0,MIA
ColeCRagansRagansP,18,17,3.46,70,53,1,0,0,0,322.1,259,135,124,28.0,8.0,124,363,1.19,.218,KC
MaxMRajcicRajcicP,0,0,4.50,1,0,0,0,0,1,2.0,2,1,1,0.0,0.0,1,2,1.50,0.286,STL
YohanYRamrezRamrezP,6,9,4.58,140,0,0,0,7,11,169.0,147,95,86,20.0,36.0,86,173,1.38,.235,PIT
TaylorTRashiRashiP,0,0,4.50,2,0,0,0,0,1,2.0,2,1,1,0.0,0.0,0,2,1.00,0.25,AZ
EricEReyzelmanReyzelmanP,0,0,9.00,1,0,0,0,0,0,1.0,2,1,1,0.0,0.0,0,2,2.00,0.4,NYY
EthanERobertsRobertsP,1,2,4.72,30,0,0,0,0,0,34.1,41,18,18,6.0,2.0,16,35,1.66,.297,CHC
YarielYRodrguezRodriguezP,1,8,4.47,21,21,0,0,0,0,86.2,74,46,43,11.0,3.0,40,85,1.32,.229,TOR
RandyRRodrguezRodrguezP,3,2,4.30,35,1,0,0,0,2,52.1,47,29,25,4.0,3.0,18,53,1.24,.240,SF
TaylorTRogersRogersP,28,34,3.34,509,0,0,0,83,111,490.2,435,208,182,50.0,33.0,142,573,1.18,.237,CIN
RyanRRolisonRolisonP,0,0,0.00,1,0,0,0,0,0,2.0,0,0,0,0.0,0.0,0,2,0.00,0.0,COL
EnnyERomeroRomeroP,4,6,5.12,137,1,0,0,3,8,146.0,160,92,83,19.0,4.0,74,156,1.60,.276,SF
TonyTSantillanSantillanP,5,7,3.46,79,5,0,0,4,9,96.1,82,41,37,12.0,11.0,47,124,1.34,.228,CIN
FrankieFScalzoJrScalzoP,0,0,4.50,2,0,0,0,0,0,2.0,1,1,1,0.0,0.0,2,2,1.50,0.143,CHC
CamCSchlittlerSchlittlerP,0,0,0.00,1,0,0,0,0,0,2.0,1,0,0,0.0,0.0,1,2,1.00,0.143,NYY
WillWSchombergSchombergP,0,0,0.00,1,0,0,0,0,0,1.0,1,0,0,0.0,0.0,1,2,2.00,0.25,MIA
SpencerSSchwellenbachSchwellenbachP,8,7,3.35,21,21,0,0,0,0,123.2,106,49,46,14.0,6.0,23,127,1.04,.226,ATL
TannerTanScottScottP,31,24,3.56,383,0,0,0,55,75,368.2,298,167,146,28.0,21.0,202,486,1.36,.220,LAD
AntonioASenzatelaSenzatelaP,39,44,4.90,148,122,1,0,0,1,692.0,787,399,377,83.0,27.0,217,458,1.45,.289,COL
CarsonCSeymourSeymourP,0,0,9.00,1,0,0,0,0,0,2.0,4,2,2,0.0,0.0,0,2,2.00,0.4,SF
BryanBShawShawP,43,46,3.96,796,2,0,0,19,62,764.1,723,377,336,82.0,32.0,299,681,1.34,.249,CIN
ChasenCShreveShreveP,22,14,3.96,368,0,0,0,2,12,357.0,312,167,157,61.0,8.0,166,387,1.34,.233,ATL
AnthonyASimonelliSimonelliP,0,0,0.00,2,0,0,0,1,1,2.0,2,0,0,0.0,0.0,1,2,1.50,0.286,KC
CollinCSniderSniderP,7,6,4.20,104,1,0,0,1,6,96.1,100,51,45,11.0,2.0,41,80,1.46,.270,SEA
GregoryGSotoSotoP,14,29,4.27,321,7,0,0,55,66,318.0,288,176,151,30.0,20.0,169,340,1.44,.239,BAL
GabeGSpeierSpeierP,2,6,4.18,139,1,0,0,1,3,118.1,106,58,55,14.0,6.0,40,132,1.23,.241,SEA
JeffreyJSpringsSpringsP,23,12,3.39,145,37,0,0,2,6,313.2,287,131,118,42.0,4.0,104,359,1.25,.240,ATH
JoshJStaumontStaumontP,10,7,3.97,194,1,0,0,8,12,192.2,154,97,85,16.0,10.0,109,209,1.37,.218,CIN
JustinJSternerSternerP,0,0,2.25,2,0,0,0,0,0,4.0,5,2,1,0.0,0.0,1,4,1.50,.294,ATH
RobertRStockStockP,2,4,4.71,55,3,0,0,0,2,72.2,77,44,38,6.0,4.0,40,76,1.61,.273,BOS
KadeKStrowdStrowdP,0,0,0.00,1,0,0,0,0,0,1.0,0,0,0,0.0,0.0,2,2,2.00,0.0,BAL
MitchellMStumpoStumpoP,0,0,0.00,1,0,0,0,0,0,1.0,0,0,0,0.0,0.0,0,2,0.00,0.0,AZ
JosJSuarezSuarezP,20,29,5.47,99,61,1,0,1,1,376.2,401,241,229,66.0,24.0,154,346,1.47,.269,LAA
RyanRSubletteSubletteP,1,0,0.00,2,0,0,0,0,0,1.1,1,0,0,0.0,0.0,0,2,0.75,0.2,LAD
JarlinJSusanaSusanaP,0,0,0.00,1,0,0,0,0,0,1.0,1,0,0,0.0,0.0,2,2,3.00,0.25,WSH
BrentBSuterSuterP,41,22,3.45,300,44,0,0,3,14,529.2,508,237,203,65.0,18.0,135,443,1.21,.251,CIN
JamesonJTaillonTaillonP,71,53,3.89,201,200,3,1,1,1,1107.1,1072,516,479,146.0,32.0,267,975,1.21,.252,CHC
MisaelMTamarezTamarezP,0,0,0.00,1,0,0,0,0,0,1.0,0,0,0,0.0,0.0,0,2,0.00,0.0,HOU
CalebCThielbarThielbarP,23,12,3.38,347,0,0,0,4,7,320.0,273,134,120,33.0,4.0,107,347,1.19,.229,CHC
AndersATolhurstTolhurstP,1,0,4.50,1,0,0,0,0,1,2.0,4,1,1,1.0,0.0,0,2,2.00,0.4,TOR
MichaelMTonkinTonkinP,14,10,4.18,243,0,0,0,3,10,305.2,289,173,142,44.0,17.0,107,309,1.30,.247,MIN
JustinJTopaTopaP,5,5,3.71,95,0,0,0,3,7,89.2,90,46,37,7.0,3.0,23,80,1.26,.261,MIN
CayneCUeckertUeckertP,0,0,0.00,2,0,0,0,0,0,1.1,1,0,0,0.0,0.0,0,2,0.75,0.25,CHC
MiguelMUllolaUllolaP,0,0,0.00,1,0,0,0,0,0,1.0,0,0,0,0.0,0.0,2,2,2.00,0.0,HOU
GusGVarlandVarlandP,2,1,4.82,42,0,0,0,0,1,46.2,57,30,25,5.0,2.0,24,47,1.74,.298,CWS
AnthonyAVenezianoVenezianoP,1,0,2.87,14,0,0,0,0,1,15.2,18,9,5,1.0,1.0,5,15,1.47,.290,MIA
AustinAVernonVernonP,0,0,0.00,1,0,0,0,0,0,1.0,0,0,0,0.0,0.0,1,2,1.00,0.0,TB
RandyRVsquezVsquezP,6,9,4.31,31,25,0,0,0,0,135.2,149,68,65,18.0,10.0,47,95,1.44,.280,SD
MattMWaldronWaldronP,8,14,4.79,35,32,0,0,0,0,188.0,184,104,100,30.0,11.0,52,164,1.26,.253,SD
JacobJWallaceWallaceP,0,0,0.00,1,0,0,0,1,1,1.0,0,0,0,0.0,0.0,1,2,1.00,0.0,KC
AustinAWarrenWarrenP,6,0,3.14,38,0,0,0,1,2,48.2,46,18,17,5.0,1.0,15,38,1.25,.251,NYM
GregGWeissertWeissertP,7,2,3.61,91,0,0,0,1,5,94.2,92,48,38,11.0,3.0,33,91,1.32,.259,BOS
BrendanBWhiteWhiteP,2,3,5.09,33,2,0,0,0,0,40.2,40,25,23,4.0,5.0,15,44,1.35,.258,DET
ForrestFWhitleyWhitleyP,0,0,0.00,3,0,0,0,0,0,3.1,5,2,0,0.0,1.0,3,5,2.40,.313,HOU
JordanJWicksWicksP,6,5,5.02,18,17,0,0,0,0,80.2,88,48,45,14.0,2.0,31,66,1.48,.275,CHC
ColeCWilcoxWilcoxP,0,0,0.00,1,0,0,0,0,0,1.0,0,0,0,0.0,0.0,0,2,0.00,0.0,TB
AmosAWillinghamWillinghamP,0,2,7.11,19,0,0,0,0,0,25.1,37,20,20,9.0,1.0,9,16,1.82,.339,ATL
JoshJWinckowskiWinckowskiP,13,13,4.21,115,21,0,0,5,10,230.2,255,125,108,29.0,9.0,84,186,1.47,.279,BOS
JadenJWoodsWoodsP,0,0,18.00,1,0,0,0,0,0,1.0,1,2,2,1.0,0.0,2,2,3.00,0.25,PIT
JustinJWrobleskiWrobleskiP,1,2,5.70,8,6,0,0,1,1,36.1,34,24,23,9.0,1.0,16,26,1.38,.248,LAD
YoshinobuYYamamotoYamamotoP,7,2,3.00,18,18,0,0,0,0,90.0,78,32,30,7.0,1.0,22,105,1.11,.229,LAD
CraigCYohoYohoP,0,0,0.00,1,0,0,0,0,0,1.0,1,0,0,0.0,0.0,0,2,1.00,0.25,MIL
AlexAYoungYoungP,16,18,4.34,177,25,0,0,1,8,277.2,285,156,134,49.0,10.0,106,239,1.41,.262,CIN
BrandonBYoungYoungP,0,0,0.00,1,0,0,0,0,0,2.0,2,0,0,0.0,0.0,0,2,1.00,0.286,BAL
YosverYZuluetaZuluetaP,0,0,4.96,12,0,0,0,0,0,16.1,15,10,9,2.0,1.0,7,20,1.35,.246,CIN
DaisonDAcostaAcostaP,0,0,27.00,1,0,0,0,0,0,1.0,1,3,3,1.0,0.0,2,1,3.00,0.25,WSH
JoseJAdamesAdamesP,0,0,0.00,1,0,0,0,0,0,0.1,0,0,0,0.0,1.0,0,1,0.00,0.0,BOS
SandySAlcantaraAlcantaraP,41,55,3.32,146,138,12,4,0,0,900.2,769,378,332,91.0,35.0,273,789,1.16,.231,MIA
PeytonPAlfordAlfordP,0,0,81.00,1,0,0,0,0,1,0.1,2,3,3,0.0,0.0,2,1,12.00,0.667,SEA
LoganLAllenAllenP,15,13,4.65,44,44,0,0,0,0,222.2,240,118,115,38.0,5.0,89,198,1.48,.277,CLE
LoganLAllenAllenP,5,11,5.79,45,15,0,0,1,1,124.1,150,85,80,20.0,10.0,52,89,1.62,.302,CLE
GrantGAndersonAndersonP,2,2,6.35,49,0,0,0,1,6,62.1,71,44,44,16.0,2.0,24,59,1.52,.289,MIL
IanIAndersonAndersonP,22,13,3.97,52,52,0,0,0,0,272.1,241,125,120,29.0,4.0,121,262,1.33,.233,ATL
JackJAndersonAndersonP,0,0,0.00,1,0,0,0,0,0,0.2,2,0,0,0.0,0.0,0,1,3.00,0.5,BOS
NickNAndersonAndersonP,14,7,3.18,165,0,0,0,10,16,158.1,126,60,56,20.0,3.0,47,202,1.09,.215,STL
RomanRAngeloAngeloP,0,0,27.00,1,0,0,0,0,0,1.0,2,3,3,0.0,0.0,4,1,6.00,0.4,AZ
LuarbertLAriasAriasP,0,1,47.25,2,0,0,0,0,1,1.1,4,8,7,1.0,1.0,5,1,6.75,0.5,MIA
MichaelMAriasAriasP,0,0,0.00,1,0,0,0,0,0,1.0,1,0,0,0.0,0.0,0,1,1.00,0.25,NYY
JustinJArmbruesterArmbruesterP,0,0,0.00,1,0,0,0,0,0,1.0,0,0,0,0.0,0.0,0,1,0.00,0.0,BAL
AaronAAshbyAshbyP,6,14,4.20,54,25,0,0,2,3,167.1,151,95,78,21.0,7.0,69,198,1.31,.234,MIL
GrahamGAshcraftAshcraftP,17,20,4.91,60,60,0,0,0,0,328.0,356,189,179,45.0,24.0,109,239,1.42,.274,CIN
KeyshawnKAskewAskewP,0,0,0.00,2,0,0,0,0,0,2.0,1,0,0,0.0,0.0,2,1,1.50,0.143,TB
LakeLBacharBacharP,0,1,3.86,10,0,0,0,0,0,9.1,10,5,4,2.0,0.0,4,11,1.50,.278,MIA
HenryHBaezBaezP,0,0,0.00,1,0,0,0,0,0,0.2,1,0,0,0.0,0.0,2,1,4.50,0.333,SD
AlecABakerBakerP,0,0,27.00,1,0,0,0,0,0,0.2,3,2,2,0.0,0.0,0,1,4.50,0.75,AZ
BryanBBakerBakerP,9,7,3.76,132,2,0,0,1,6,139.0,114,62,58,10.0,4.0,57,151,1.23,.225,BAL
ScottSBarlowBarlowP,23,21,3.49,365,0,0,0,58,74,387.0,325,163,150,35.0,19.0,164,461,1.26,.227,CIN
MasonMBarnettBarnettP,0,0,0.00,1,0,0,0,0,0,1.0,0,0,0,0.0,0.0,2,1,2.00,0.0,ATH
EduardEBazardoBazardoP,3,0,4.00,49,0,0,0,0,0,63.0,48,28,28,8.0,2.0,19,62,1.06,.209,SEA
AndrewABechtoldBechtoldP,0,0,0.00,1,0,0,0,0,0,0.1,0,0,0,0.0,0.0,1,1,3.00,0.0,PHI
TristanTBeckBeckP,3,3,3.56,40,4,0,0,2,3,101.0,97,43,40,12.0,3.0,25,82,1.21,.248,SF
IanIBedellBedellP,0,1,9.00,1,0,0,0,0,0,1.0,1,1,1,0.0,0.0,2,1,3.00,0.25,STL
DavidDBednarBednarP,12,18,3.36,251,0,0,0,84,100,254.2,210,110,95,25.0,8.0,91,303,1.18,.220,PIT
PrelanderPBerroaBerroaP,1,0,3.05,19,0,0,0,0,0,20.2,15,7,7,2.0,1.0,16,29,1.50,.203,CWS
JakeJBirdBirdP,7,9,4.53,143,3,0,0,1,15,177.0,182,97,89,18.0,15.0,75,150,1.45,.269,COL
RonelRBlancoBlancoP,15,7,3.31,54,36,1,1,0,0,225.2,171,90,83,35.0,5.0,100,225,1.20,.208,HOU
ScottSBlewettBlewettP,1,1,2.22,17,0,0,0,0,0,28.1,26,8,7,2.0,1.0,14,26,1.41,.243,MIN
GageGBoehmBoehmP,0,0,0.00,1,0,0,0,0,0,1.0,0,0,0,0.0,1.0,0,1,0.00,0.0,SEA
RodneyRBooneBooneP,0,0,0.00,1,0,0,0,0,0,1.0,0,0,0,0.0,0.0,0,1,0.00,0.0,CLE
RyanRBoruckiBoruckiP,14,9,4.23,148,21,0,0,0,4,221.1,205,114,104,27.0,10.0,81,182,1.29,.245,PIT
CalebCBoushleyBoushleyP,1,0,4.26,3,0,0,0,0,1,6.1,7,3,3,1.0,0.0,4,6,1.74,.269,TEX
RyanRBrasierBrasierP,10,8,3.85,297,5,0,0,10,26,285.1,245,137,122,31.0,7.0,84,281,1.15,.232,CHC
JeffJBrighamBrighamP,4,10,4.76,90,4,0,0,2,5,117.1,102,65,62,22.0,8.0,55,121,1.34,.234,AZ
JhonyJBritoBritoP,10,9,4.23,51,13,0,0,1,4,134.0,131,70,63,18.0,4.0,38,101,1.26,.257,SD
ConnorCBrogdonBrogdonP,10,8,3.97,143,2,0,0,3,9,145.0,130,71,64,24.0,3.0,53,146,1.26,.237,LAA
ZachZBrzykcyBrzykcyP,0,0,14.29,6,0,0,0,0,0,5.2,9,9,9,2.0,0.0,3,4,2.12,.360,WSH
GarrettGBurhennBurhennP,0,0,0.00,1,0,0,0,0,0,1.0,1,0,0,0.0,0.0,0,1,1.00,0.25,DET
BrockBBurkeBurkeP,14,11,4.04,145,7,0,0,0,8,202.2,194,101,91,32.0,8.0,60,197,1.25,.251,LAA
MikeMBurrowsBurrowsP,1,0,2.70,1,0,0,0,0,0,3.1,2,2,1,1.0,0.0,3,2,1.50,.182,PIT
AlanABusenitzBusenitzP,5,2,4.90,60,0,0,0,0,3,68.0,76,43,37,13.0,2.0,24,57,1.47,.287,CIN
JoseJCabreraCabreraP,19,17,4.95,198,11,0,0,4,13,271.0,291,161,149,42.0,14.0,94,192,1.42,.278,AZ
NoahNCameronCameronP,0,0,0.00,1,0,0,0,0,0,2.0,1,0,0,0.0,0.0,0,1,0.50,0.167,KC
YennierYCanoCanoP,6,8,3.64,155,0,0,0,13,22,150.2,140,66,61,13.0,5.0,53,151,1.28,.247,BAL
MattMCanterinoCanterinoP,0,0,0.00,1,0,0,0,0,0,1.0,0,0,0,0.0,0.0,3,1,3.00,0.0,MIN
JuanJCarelaCarelaP,0,0,0.00,1,0,0,0,0,0,1.0,0,0,0,0.0,1.0,0,1,0.00,0.0,CWS
CarlosCCarrascoCarrascoP,110,103,4.14,324,277,11,4,2,3,1641.2,1612,796,756,211.0,56.0,451,1662,1.26,.256,NYY
BenBCaspariusCaspariusP,2,0,2.16,3,0,0,0,0,0,8.1,9,3,2,0.0,0.0,4,12,1.56,.273,LAD
LuisFLCastilloCastilloP,0,0,0.00,3,0,0,0,0,0,3.2,2,0,0,0.0,0.0,0,4,0.55,.143,SEA
LuisLCastilloCastilloP,73,76,3.56,211,211,1,0,0,0,1230.0,1040,532,486,151.0,41.0,407,1331,1.18,.227,SEA
KervinKCastroCastroP,1,2,4.91,20,0,0,0,0,0,25.2,28,15,14,3.0,0.0,11,24,1.52,.280,NYY
ManuelMCastroCastroP,0,0,0.00,1,0,0,0,0,0,0.1,0,0,0,0.0,0.0,0,1,0.00,0.0,SD
YordinYChalasChalasP,0,1,0.00,1,0,0,0,0,0,1.0,1,1,0,0.0,0.0,0,1,1.00,0.25,AZ
BubbaRChandlerChandlerP,0,0,9.00,1,0,0,0,0,0,1.0,1,1,1,0.0,0.0,1,1,2.00,0.333,PIT
JTJChargoisChargoisP,16,7,3.35,244,8,0,0,1,15,231.1,185,90,86,25.0,15.0,88,220,1.18,.223,TEX
JesseJChavezChavezP,51,65,4.24,653,85,0,0,9,36,1134.0,1145,583,534,163.0,30.0,358,1036,1.33,.261,TEX
WillMChildersChildersP,0,0,0.00,1,0,0,0,0,0,1.0,0,0,0,0.0,0.0,1,1,1.00,0.0,MIL
HaroldHChirinoChirinoP,0,0,0.00,2,0,0,0,0,0,2.0,1,0,0,0.0,0.0,0,1,0.50,0.167,SD
MarcMChurchChurchP,0,0,0.00,1,0,0,0,0,0,1.0,1,0,0,0.0,0.0,0,1,1.00,.250,TEX
TaylorTClarkeClarkeP,15,15,5.03,183,22,0,0,7,16,279.1,294,173,156,53.0,10.0,97,260,1.40,.269,KC
NolanNClenneyClenneyP,0,0,0.00,1,0,0,0,0,0,0.1,0,0,0,0.0,0.0,0,1,0.00,0.0,CHC
DylanDColemanColemanP,5,4,3.84,97,1,0,0,0,4,93.2,70,46,40,8.0,11.0,58,100,1.37,.207,BAL
BillyWCorcoranCorcoranP,0,0,18.00,1,0,0,0,0,0,1.0,1,2,2,1.0,0.0,1,1,2.00,0.25,AZ
ChrisCCortezCortezP,0,0,40.50,1,0,0,0,0,0,0.2,2,3,3,0.0,1.0,2,1,6.00,0.5,LAA
NabilNCrismattCrismattP,9,6,3.71,114,1,0,0,0,5,177.0,176,88,73,21.0,11.0,54,162,1.30,.258,PHI
OmarOCruzCruzP,0,0,0.00,2,0,0,0,0,0,3.0,3,0,0,0.0,0.0,0,1,1.00,0.273,SD
JoseJCuasCuasP,7,4,4.37,132,2,0,0,2,5,119.1,121,63,58,14.0,18.0,69,122,1.59,.261,PHI
LuisLCurveloCurveloP,0,1,9.00,1,0,0,0,0,0,1.0,0,1,1,0.0,0.0,2,1,2.00,0.0,TEX
CadenCDanaDanaP,1,2,9.58,3,3,0,0,0,0,10.1,14,12,11,5.0,1.0,7,8,2.03,.326,LAA
DavisDDanielDanielP,2,5,5.06,9,6,0,0,0,0,42.2,46,25,24,6.0,1.0,15,37,1.43,.272,ATL
AaronADavenportDavenportP,0,0,0.00,1,0,0,0,0,0,1.0,1,0,0,0.0,0.0,0,1,1.00,0.25,CLE
YerryYDeLosSantosDeLosSantosP,1,4,4.14,48,0,0,0,3,5,50.0,39,28,23,4.0,2.0,24,44,1.26,.210,NYY
MiguelMDelPozoDelPozoP,1,1,9.82,27,0,0,0,0,2,18.1,25,20,20,3.0,0.0,18,17,2.35,.333,SF
ReidRDetmersDetmersP,16,28,4.90,75,75,1,1,0,0,385.2,375,221,210,55.0,25.0,155,418,1.37,.253,LAA
TreyTDombroskiDombroskiP,0,0,0.00,1,0,0,0,0,0,2.0,1,0,0,0.0,0.0,0,1,0.50,0.143,HOU
SeranthonySDomnguezDomnguezP,19,19,3.59,255,0,0,0,38,55,243.1,192,107,97,30.0,14.0,99,281,1.20,.211,BAL
CamiloCDovalDovalP,22,16,3.33,228,0,0,0,92,111,221.1,178,104,82,16.0,14.0,104,282,1.27,.218,SF
TommyTDoyleDoyleP,0,1,8.31,18,0,0,0,0,2,26.0,29,24,24,5.0,0.0,17,20,1.77,.282,COL
JustinJDunnDunnP,6,7,4.44,32,32,0,0,0,0,133.2,102,67,66,27.0,9.0,86,113,1.41,.211,CWS
JhoanJDuranDuranP,11,19,2.59,174,0,0,0,58,65,184.1,144,70,53,16.0,14.0,56,239,1.08,.216,MIN
JhonathanJDazDazP,2,2,4.80,16,7,0,0,0,0,45.0,51,28,24,4.0,3.0,27,32,1.73,.283,SEA
MiguelMDazDazP,6,2,4.81,88,8,0,0,1,1,127.1,109,72,68,22.0,5.0,64,132,1.36,.230,SF
JakeJEderEderP,0,0,4.50,1,0,0,0,0,0,2.0,2,1,1,0.0,1.0,1,1,1.50,.286,CWS
MagnusMEllertsEllertsP,0,0,13.50,1,0,0,0,0,0,0.2,0,1,1,0.0,0.0,2,1,3.00,0.0,CLE
NathanNEovaldiEovaldiP,91,81,4.07,294,275,4,2,0,1,1572.1,1571,752,711,178.0,48.0,445,1358,1.28,.259,TEX
JaydennJEstanistaEstanistaP,0,0,0.00,1,0,0,0,0,0,0.1,0,0,0,0.0,0.0,0,1,0.00,0.0,PHI
BuckBFarmerFarmerP,24,30,4.71,417,22,0,0,6,19,513.2,484,282,269,71.0,33.0,236,486,1.40,.249,ATL
CalebCFergusonFergusonP,19,13,3.68,263,14,0,0,6,16,261.2,241,127,107,30.0,23.0,107,314,1.33,.240,PIT
TylerTFergusonFergusonP,4,2,3.68,48,0,0,0,2,4,51.1,32,23,21,4.0,2.0,24,62,1.09,.178,ATH
JoseJFerminFerminP,0,0,0.00,1,0,0,0,0,0,1.0,0,0,0,0.0,0.0,0,1,0.00,0.0,LAA
RyanRFernandezFernandezP,1,6,3.51,62,0,0,0,2,5,66.2,58,30,26,4.0,2.0,32,71,1.35,.236,STL
JulianJulFernndezFernndezP,0,0,10.80,6,0,0,0,0,0,6.2,9,8,8,2.0,0.0,4,4,1.95,.310,LAD
JoseJFleuryFleuryP,0,0,4.50,1,0,0,0,1,1,2.0,2,1,1,0.0,1.0,0,1,1.00,0.25,HOU
TaylorTFloydFloydP,0,0,0.00,1,0,0,0,0,0,0.2,0,0,0,0.0,0.0,0,1,0.00,0.0,SEA
MichaelMFlynnFlynnP,0,0,0.00,1,0,0,0,0,0,1.0,1,0,0,0.0,0.0,0,1,1.00,0.333,TB
ZachZFogellFogellP,0,1,162.00,1,0,0,0,0,1,0.1,3,6,6,0.0,1.0,2,1,15.00,0.75,BOS
CameronCFosterFosterP,0,0,4.50,1,0,0,0,0,1,2.0,2,1,1,0.0,0.0,1,1,1.50,0.286,NYM
CarlosACFranciscoFranciscoP,0,0,0.00,1,0,0,0,0,0,1.0,0,0,0,0.0,0.0,1,1,1.00,0.0,PHI
NickNFrassoFrassoP,0,0,0.00,1,1,0,0,0,0,1.0,0,0,0,0.0,0.0,0,1,0.00,0.0,LAD
LuisLFrasFrasP,2,2,7.38,58,0,0,0,0,2,61.0,74,51,50,6.0,3.0,46,55,1.97,.300,CLE
MichaelMFulmerFulmerP,37,50,3.94,262,90,2,1,19,30,674.0,635,322,295,74.0,35.0,216,575,1.26,.250,BOS
MattMGageGageP,0,1,1.83,16,0,0,0,0,1,19.2,12,6,4,2.0,1.0,9,20,1.07,.188,DET
GiovannyGGallegosGallegosP,18,21,3.49,311,0,0,0,45,69,335.2,256,136,130,44.0,9.0,88,396,1.02,.209,LAD
DeiviDGarcaGarcaP,4,7,5.02,30,8,0,0,2,3,71.2,68,52,40,11.0,3.0,33,65,1.41,.245,MIL
LuisLGarcaGarcaP,26,28,4.14,545,4,0,0,15,36,528.0,517,269,243,51.0,26.0,231,499,1.42,.253,LAD
TristanTGarnettGarnettP,0,0,13.50,1,0,0,0,0,0,0.2,0,1,1,0.0,0.0,3,1,4.50,0.0,PHI
ReedRGarrettGarrettP,9,6,5.22,84,0,0,0,4,10,101.2,109,65,59,13.0,5.0,58,115,1.64,.277,NYM
JordanJGeberGeberP,0,0,0.00,1,0,0,0,0,0,1.0,1,0,0,0.0,0.0,1,1,2.00,0.25,NYM
IanIGibautGibautP,10,8,4.10,137,0,0,0,4,13,147.0,141,73,67,16.0,8.0,68,152,1.42,.254,CIN
SpencerSGiestingGiestingP,0,0,0.00,1,0,0,0,0,0,1.0,1,0,0,0.0,0.0,0,1,1.00,0.333,AZ
TylerTGilbertGilbertP,2,7,4.23,34,13,1,1,0,1,100.0,92,51,47,15.0,3.0,30,68,1.22,.246,CWS
DomingoDGonzalezGonzalezP,0,0,0.00,2,0,0,0,0,0,2.0,1,0,0,0.0,1.0,2,1,1.50,0.167,ATL
WikelmanWGonzalezGonzalezP,0,0,18.00,1,0,0,0,0,0,1.0,2,2,2,2.0,0.0,0,1,2.00,0.4,CWS
ColtonCGordonGordonP,0,1,13.50,1,1,0,0,0,0,1.1,4,4,2,1.0,0.0,1,1,3.75,0.5,HOU
AnthonyAGoseGoseP,3,0,4.78,31,0,0,0,0,1,32.0,26,19,17,6.0,1.0,17,41,1.34,.218,NYM
AndreAGranilloGranilloP,0,0,0.00,1,0,0,0,0,0,0.2,2,2,0,0.0,0.0,1,1,4.50,0.4,STL
JonJGrayGrayP,74,70,4.45,228,223,2,1,0,0,1216.2,1191,641,602,155.0,51.0,401,1211,1.31,.256,TEX
GerardoGGutierrezGutierrezP,0,0,9.00,2,0,0,0,0,1,2.0,3,2,2,1.0,0.0,0,1,1.50,0.375,AZ
CarlosCGuzmanGuzmanP,0,0,6.75,1,0,0,0,0,0,1.1,1,1,1,0.0,0.0,1,1,1.50,0.2,NYM
SkylarSHalesHalesP,0,0,9.00,1,0,0,0,0,0,1.0,4,2,1,0.0,0.0,0,1,4.00,0.571,TEX
SethSHalvorsenHalvorsenP,2,1,1.46,12,0,0,0,2,3,12.1,8,3,2,2.0,1.0,2,13,0.81,.186,COL
DomDHamelHamelP,0,0,0.00,1,0,0,0,0,0,1.0,1,0,0,0.0,0.0,0,1,1.00,0.25,NYM
DanDHammerHammerP,0,0,0.00,1,0,0,0,0,0,1.0,0,0,0,0.0,0.0,1,1,1.00,0.0,TB
ThomasTHarringtonHarringtonP,0,0,0.00,1,0,0,0,0,0,1.0,1,0,0,0.0,0.0,1,1,2.00,0.25,PIT
TrentTHarrisHarrisP,0,0,0.00,1,0,0,0,0,0,0.2,0,0,0,0.0,0.0,0,1,0.00,0.0,SF
JackJHartmanHartmanP,0,1,18.00,1,0,0,0,0,0,1.0,1,2,2,1.0,1.0,0,1,1.00,0.25,TB
DylanDHeidHeidP,0,0,36.00,1,0,0,0,0,0,1.0,3,4,4,1.0,0.0,1,1,4.00,0.5,BAL
TommyTHenryHenryP,10,11,5.11,35,32,0,0,0,0,174.1,182,101,99,31.0,11.0,74,130,1.47,.268,AZ
JimmyJHergetHergetP,7,9,3.54,129,3,0,0,9,19,155.0,135,63,61,18.0,10.0,47,141,1.17,.236,COL
KevinKHergetHergetP,1,3,4.64,24,0,0,0,2,2,42.2,41,22,22,5.0,2.0,9,26,1.17,.248,NYM
JoseEJHernandezHernandezP,2,4,4.82,57,0,0,0,1,3,56.0,52,32,30,10.0,1.0,26,66,1.39,.239,LAD
NickNHernandezHernandezP,0,0,9.00,7,0,0,0,0,0,11.0,13,11,11,5.0,2.0,5,15,1.64,.289,HOU
JonathanJHernndezHernndezP,13,8,4.29,127,3,0,0,4,12,153.0,140,82,73,17.0,10.0,81,150,1.44,.245,TB
CodiCHeuerHeuerP,10,4,3.56,86,0,0,0,3,6,91.0,77,38,36,8.0,2.0,32,81,1.20,.232,TEX
JakeJHigginbothamHigginbothamP,0,1,10.80,2,0,0,0,0,0,1.2,2,2,2,0.0,0.0,3,1,3.00,0.333,SD
CooperCHjerpeHjerpeP,0,0,9.00,1,0,0,0,0,0,1.0,3,1,1,0.0,0.0,1,1,4.00,0.5,STL
PorterPHodgeHodgeP,3,1,1.88,39,0,0,0,9,12,43.0,19,10,9,2.0,1.0,19,52,0.88,.132,CHC
GunnarGHoglundHoglundP,0,0,0.00,1,0,0,0,0,0,1.0,0,0,0,0.0,0.0,0,1,0.00,0.0,ATH
GrantGHolmesHolmesP,2,1,3.56,26,7,0,0,0,1,68.1,66,27,27,7.0,2.0,15,70,1.19,.252,ATL
BlakeBHolubHolubP,0,0,0.00,1,0,0,0,0,0,1.0,1,0,0,0.0,0.0,0,1,1.00,0.25,MIL
AdrianAHouserHouserP,32,39,4.21,152,104,1,1,1,1,608.2,594,326,285,63.0,26.0,244,484,1.38,.255,TEX
JoelJHurtadoHurtadoP,0,0,0.00,1,0,0,0,1,1,0.1,0,0,0,0.0,0.0,0,1,0.00,0.0,LAA
JairoJIriarteIriarteP,0,1,1.50,6,0,0,0,0,0,6.0,3,3,1,0.0,0.0,8,6,1.83,.143,CWS
GabrielGJacksonJacksonP,0,0,0.00,1,0,0,0,0,0,0.1,0,0,0,0.0,0.0,1,1,3.00,0.0,BOS
JacksonJJobeJobeP,0,0,0.00,2,0,0,0,0,0,4.0,1,0,0,0.0,0.0,1,2,0.50,.071,DET
PiercePJohnsonJohnsonP,18,21,3.96,265,2,0,0,15,25,256.2,227,124,113,30.0,3.0,122,320,1.36,.236,ATL
RyanRJohnsonJohnsonP,0,0,0.00,1,0,0,0,0,0,1.0,0,0,0,0.0,0.0,0,1,0.00,0.0,LAA
HaydenHJuengerJuengerP,0,0,0.00,1,0,0,0,1,1,1.0,0,0,0,0.0,0.0,1,1,1.00,0.0,TOR
JansonJJunkJunkP,1,3,6.75,15,7,0,0,0,0,40.0,60,35,30,10.0,0.0,11,34,1.78,.343,MIA
JaredJKarrosKarrosP,0,0,0.00,1,0,0,0,0,0,1.0,0,0,0,0.0,0.0,0,1,0.00,0.0,LAD
MitchMKellerKellerP,36,50,4.59,133,131,2,1,0,0,701.2,743,381,358,82.0,48.0,248,687,1.41,.271,PIT
BryanBKingKingP,1,0,2.39,28,0,0,0,0,0,26.1,20,7,7,1.0,3.0,10,32,1.14,.211,HOU
GrantGKippKippP,0,0,0.00,1,0,0,0,0,0,1.1,0,0,0,0.0,0.0,1,1,0.75,0.0,CHC
MaxMKranickKranickP,2,3,5.56,11,9,0,0,0,0,43.2,50,28,27,4.0,4.0,22,36,1.65,.291,NYM
NickNKrauthKrauthP,0,0,0.00,1,0,0,0,0,0,0.1,0,0,0,0.0,0.0,0,1,0.00,0.0,TEX
EvanEKravetzKravetzP,0,0,0.00,1,0,0,0,0,0,0.2,0,0,0,0.0,0.0,0,0,0.00,.000,CIN
AustinAKrobKrobP,0,0,9.00,1,0,0,0,0,0,1.0,1,1,1,0.0,1.0,2,1,3.00,0.333,SD
ChadCKuhlKuhlP,31,47,4.98,174,117,1,1,2,8,668.1,687,400,370,97.0,39.0,306,590,1.49,.270,ATL
CaseyCLawrenceLawrenceP,4,4,6.75,59,2,0,0,0,2,124.0,160,95,93,25.0,6.0,49,97,1.69,.314,SEA
KyleKLeahyLeahyP,1,2,4.65,36,0,0,0,1,2,50.1,44,27,26,5.0,2.0,15,35,1.17,.235,STL
ErickELealLealP,0,0,9.00,1,0,0,0,0,1,2.0,1,2,2,1.0,0.0,1,1,1.00,0.143,NYY
JordanJLeasureLeasureP,0,2,6.32,33,0,0,0,2,6,31.1,32,22,22,6.0,1.0,18,26,1.60,.267,CWS
JosJLeclercLeclercP,12,20,3.27,350,3,0,0,41,60,360.1,238,145,131,29.0,21.0,200,473,1.22,.186,ATH
CaseyCLeguminaLeguminaP,1,0,6.95,17,0,0,0,0,0,22.0,31,22,17,5.0,1.0,11,18,1.91,.323,SEA
JackJLeiterLeiterP,0,3,8.83,9,6,0,0,0,0,35.2,44,39,35,7.0,3.0,17,31,1.71,.297,TEX
MatthewMLiberatoreLiberatoreP,8,12,4.99,91,24,0,0,0,2,182.1,189,109,101,21.0,8.0,71,150,1.43,.269,STL
BrendonBLittleLittleP,1,3,4.27,50,0,0,0,1,5,46.1,43,24,22,8.0,2.0,20,36,1.36,.244,TOR
ChristianCLittleLittleP,0,0,0.00,1,0,0,0,0,0,1.0,0,0,0,0.0,0.0,1,1,1.00,0.0,SEA
JackJLittleLittleP,0,0,27.00,1,0,0,0,0,0,1.0,4,3,3,0.0,0.0,0,1,4.00,0.571,LAD
BenBLivelyLivelyP,21,27,4.53,74,61,1,0,0,0,359.2,369,187,181,61.0,19.0,113,277,1.34,.264,CLE
WyattWLunsfordShenkmanLunsfordShenkmanP,0,0,0.00,1,0,0,0,0,0,0.1,0,0,0,0.0,0.0,0,1,0.00,0.0,SEA
TommyTMaceMaceP,0,0,0.00,1,0,0,0,0,0,1.0,1,0,0,0.0,0.0,0,1,1.00,0.25,CLE
AnthonyAMaldonadoMaldonadoP,1,1,5.68,16,1,0,0,1,2,19.0,21,12,12,1.0,0.0,7,11,1.47,.280,ATH
JoeyJManciniManciniP,0,1,27.00,1,0,0,0,0,0,1.0,1,3,3,0.0,1.0,2,1,3.00,0.25,HOU
JustinJMartinezMartinezP,5,6,3.70,74,0,0,0,9,11,82.2,72,40,34,4.0,4.0,47,105,1.44,.232,AZ
ZachZMaxwellMaxwellP,0,0,18.00,1,0,0,0,0,0,1.0,3,2,2,0.0,0.0,0,1,3.00,0.5,CIN
DustinDMayMayP,12,9,3.10,46,34,0,0,0,1,191.2,144,74,66,19.0,13.0,57,174,1.05,.206,LAD
TimTMayzaMayzaP,20,9,3.88,367,0,0,0,4,15,301.2,288,141,130,33.0,8.0,99,304,1.28,.250,PIT
GarrettGMcDanielsMcDanielsP,0,0,0.00,2,0,0,0,0,0,2.0,0,0,0,0.0,0.0,0,1,0.00,0.0,LAA
TrevorTMcDonaldMcDonaldP,0,0,0.00,1,0,0,0,0,0,3.0,0,0,0,0.0,0.0,1,1,0.33,.000,SF
EvanEMcKendryMcKendryP,0,0,81.00,1,0,0,0,0,0,0.2,5,6,6,0.0,0.0,1,1,9.00,0.714,MIL
TristonTMcKenzieMcKenzieP,21,29,3.98,84,80,0,0,0,0,436.1,324,198,193,72.0,10.0,173,458,1.14,.204,CLE
TreyTMcLoughlinMcLoughlinP,0,0,9.00,1,0,0,0,0,0,1.0,1,1,1,0.0,0.0,0,1,1.00,0.333,NYM
JohnJMcMillonMcMillonP,2,1,1.69,14,0,0,0,0,0,16.0,8,5,3,2.0,0.0,5,21,0.81,.148,PHI
VictorVMederosMederosP,0,1,10.80,7,0,0,0,0,1,8.1,12,10,10,1.0,1.0,9,8,2.52,.364,LAA
AdonisAMedinaMedinaP,1,1,5.35,19,2,0,0,1,1,35.1,42,23,21,2.0,7.0,13,27,1.56,.296,SEA
AntonioAMenendezMenendezP,0,0,0.00,1,0,0,0,0,0,1.0,0,0,0,0.0,0.0,0,1,0.00,0.0,TB
JuanJMercedesMercedesP,0,0,0.00,1,0,0,0,0,0,2.0,3,1,0,0.0,0.0,1,1,2.00,0.375,SF
NickNMerkelMerkelP,0,0,0.00,2,0,0,0,0,0,0.2,0,0,0,0.0,0.0,0,1,0.00,0.0,MIL
RyanRMiddendorfMiddendorfP,0,0,0.00,1,0,0,0,0,0,1.0,0,0,0,0.0,0.0,0,1,0.00,0.0,MIL
TysonTMillerMillerP,7,3,3.87,74,3,0,0,1,2,93.0,70,43,40,11.0,8.0,28,72,1.05,.209,CHC
WyattWMillsMillsP,0,1,6.21,38,0,0,0,0,0,42.0,45,29,29,2.0,6.0,20,37,1.55,.280,BOS
CamdenCMinacciMinacciP,0,0,0.00,1,0,0,0,0,0,1.0,1,0,0,0.0,0.0,0,1,1.00,0.25,LAA
AnthonyAMisiewiczMisiewiczP,8,9,4.67,131,0,0,0,0,7,115.2,127,65,60,15.0,2.0,38,114,1.43,.279,MIN
JacobJMisiorowskiMisiorowskiP,1,0,18.00,1,1,0,0,0,0,1.0,1,2,2,0.0,0.0,3,1,4.00,0.25,MIL
CarmenCMlodzinskiMlodzinskiP,8,8,2.91,75,5,0,0,1,4,86.2,69,36,28,6.0,3.0,37,80,1.22,.219,PIT
PatrickPMonteverdeMonteverdeP,0,0,0.00,1,0,0,0,0,0,1.0,0,0,0,0.0,1.0,0,1,0.00,0.0,MIA
LuisLMoralesMoralesP,0,0,0.00,1,0,0,0,0,0,1.0,0,0,0,0.0,0.0,1,1,1.00,0.0,ATH
AdrianAMorejonMorejonP,10,5,4.15,110,9,0,0,2,4,138.2,148,71,64,19.0,2.0,44,144,1.38,.271,SD
NoahNMurdockMurdockP,0,0,0.00,1,0,0,0,0,0,1.0,0,0,0,0.0,0.0,1,1,1.00,0.0,ATH
RodderyRMuozMuozP,2,7,6.53,18,17,0,0,0,0,82.2,89,66,60,26.0,5.0,42,70,1.58,.272,STL
NickNNastriniNastriniP,0,7,7.07,9,8,0,0,0,0,35.2,32,33,28,7.0,1.0,36,26,1.91,.234,CWS
KyleKNelsonNelsonP,9,5,4.26,133,3,0,0,0,5,114.0,106,59,54,16.0,6.0,41,113,1.29,.243,AZ
KyleKNicolasNicolasP,2,2,4.65,55,0,0,0,0,0,60.0,58,37,31,5.0,5.0,35,62,1.55,.257,PIT
CruzCNoriegaNoriegaP,0,0,0.00,1,0,0,0,1,1,1.0,0,0,0,0.0,0.0,0,1,0.00,0.0,KC
DanielDNunezNunezP,0,0,18.00,1,0,0,0,0,0,1.0,3,2,2,0.0,0.0,0,1,3.00,0.5,AZ
EduarnielENunezNunezP,0,0,0.00,2,0,0,0,0,0,2.0,1,0,0,0.0,0.0,0,1,0.50,0.143,SD
JackJOLoughlinOLoughlinP,0,0,4.66,4,0,0,0,0,0,9.2,13,5,5,1.0,0.0,5,6,1.86,.310,COL
GeraldGOgandoOgandoP,0,0,0.00,1,0,0,0,0,0,0.1,0,0,0,0.0,0.0,0,1,0.00,0.0,BAL
LuisLLOrtizOrtizP,12,13,3.93,59,34,0,0,1,3,238.1,216,115,104,30.0,11.0,100,183,1.33,.239,CLE
ConnorCOvertonOvertonP,1,2,4.85,18,10,0,0,0,0,59.1,54,32,32,6.0,0.0,23,38,1.30,.251,NYM
TylerTOwensOwensP,1,0,0.00,1,0,0,0,0,0,1.0,1,0,0,0.0,0.0,0,1,1.00,0.25,DET
NicholasNPadillaPadillaP,0,1,5.68,4,0,0,0,0,0,6.1,11,4,4,1.0,0.0,3,7,2.21,.379,PHI
EmilioEPagnPagnP,26,23,3.78,407,2,0,0,33,66,438.0,354,197,184,75.0,9.0,125,500,1.09,.217,CIN
ThomasTPannonePannoneP,7,7,5.46,50,13,0,0,0,0,118.2,115,73,72,20.0,8.0,47,102,1.37,.251,MIL
MitchellMParkerParkerP,7,10,4.29,29,29,0,0,0,0,151.0,154,82,72,18.0,2.0,43,133,1.30,.259,WSH
PaulshawnPPasqualottoPasqualottoP,0,0,0.00,1,0,0,0,0,0,1.0,0,0,0,0.0,0.0,0,1,0.00,0.0,MIN
ChadCPatrickPatrickP,0,0,0.00,1,1,0,0,0,0,1.0,0,0,0,0.0,0.0,0,1,0.00,0.0,MIL
ElvisEPegueroPegueroP,11,10,4.08,127,0,0,0,3,12,132.1,131,70,60,12.0,7.0,61,113,1.45,.260,MIL
CDCPelhamPelhamP,0,0,7.04,10,0,0,0,0,0,7.2,12,6,6,0.0,0.0,4,7,2.09,.353,ATH
WalterWPenningtonPenningtonP,1,0,3.00,16,1,0,0,0,0,18.0,19,7,6,1.0,2.0,11,17,1.67,.268,TEX
AngelAPerdomoPerdomoP,4,2,5.55,52,0,0,0,0,0,48.2,36,33,30,7.0,6.0,34,77,1.44,.209,ATL
ChaseCPettyPettyP,0,0,0.00,1,0,0,0,0,0,2.0,0,0,0,0.0,0.0,1,1,0.50,0.0,CIN
ConnorCPhillipsPhillipsP,1,1,6.97,5,5,0,0,0,0,20.2,18,16,16,5.0,1.0,13,26,1.50,.220,CIN
MichaelMPlassmeyerPlassmeyerP,0,2,9.82,3,1,0,0,0,0,11.0,17,13,12,4.0,3.0,1,11,1.64,.354,TEX
ZachZPopPopP,8,5,4.45,158,0,0,0,1,5,155.2,151,89,77,18.0,12.0,53,123,1.31,.252,TOR
CodyCPoteetPoteetP,5,4,3.80,24,13,0,0,0,0,83.0,66,36,35,13.0,1.0,35,69,1.22,.216,CHC
CadeCPovichPovichP,3,9,5.20,16,16,0,0,0,0,79.2,80,49,46,12.0,3.0,34,69,1.43,.256,BAL
RyanRPresslyPresslyP,35,36,3.27,623,0,0,0,112,154,650.0,565,264,236,60.0,13.0,190,693,1.16,.232,CHC
AJAPuckettPuckettP,0,0,27.00,1,0,0,0,0,0,0.2,1,2,2,1.0,1.0,2,1,4.50,0.333,CHC
AlanARangelRangelP,0,0,0.00,1,0,0,0,0,0,2.0,1,0,0,0.0,0.0,1,1,1.00,0.143,PHI
DylanDRayRayP,0,0,9.00,1,0,0,0,0,0,1.0,2,1,1,0.0,0.0,0,1,2.00,0.4,AZ
OrlandoORibaltaRibaltaP,0,0,13.50,4,0,0,0,0,0,3.1,10,5,5,0.0,1.0,2,3,3.60,.500,WSH
TrevorTRichardsRichardsP,24,28,4.50,290,61,0,0,2,13,560.0,496,296,280,81.0,15.0,248,611,1.33,.236,CHC
LyonLRichardsonRichardsonP,0,2,9.35,5,4,0,0,0,0,17.1,19,18,18,7.0,0.0,16,13,2.02,.271,CIN
ChristianCRoaRoaP,0,0,0.00,1,0,0,0,0,0,1.0,0,0,0,0.0,0.0,1,1,1.00,0.0,MIA
JoeJRockRockP,1,0,0.00,1,1,0,0,0,0,2.0,2,0,0,0.0,0.0,1,1,1.50,0.286,TB
KumarKRockerRockerP,0,2,3.86,3,3,0,0,0,0,11.2,12,6,5,1.0,1.0,6,14,1.54,.267,TEX
BrodyBRodningRodningP,0,0,0.00,1,0,0,0,0,0,1.0,1,0,0,0.0,0.0,1,1,2.00,0.25,HOU
CarlosCRodriguezRodriguezP,0,3,7.30,3,3,0,0,0,0,12.1,19,11,10,3.0,0.0,3,9,1.78,.365,MIL
CarlosCRodnRodnP,75,63,3.85,198,193,3,1,0,1,1086.2,953,500,465,137.0,56.0,404,1206,1.25,.234,NYY
JohnJRooneyRooneyP,1,0,0.00,1,0,0,0,0,0,1.0,0,0,0,0.0,0.0,0,1,0.00,0.0,MIA
AaronARozekRozekP,0,0,0.00,1,0,0,0,0,0,1.0,0,0,0,0.0,0.0,0,1,0.00,0.0,MIN
JasonJRuffcornRuffcornP,0,0,0.00,1,0,0,0,0,0,0.1,0,0,0,0.0,0.0,0,1,0.00,0.0,SEA
ZaneZRussellRussellP,1,0,0.00,2,0,0,0,0,0,1.1,1,0,0,0.0,0.0,2,1,2.25,0.2,AZ
JacksonJRutledgeRutledgeP,1,1,5.72,7,5,0,0,0,0,28.1,32,18,18,5.0,3.0,8,21,1.41,.291,WSH
RyanRSandbergSandbergP,0,0,13.50,1,0,0,0,0,0,0.2,0,1,1,0.0,0.0,3,1,4.50,0.0,MIL
ReiverRSanmartinSanmartinP,7,4,5.77,61,6,0,0,0,0,82.2,95,58,53,10.0,0.0,41,71,1.65,.289,CIN
TaylerTSaucedoSaucedoP,5,2,4.00,138,0,0,0,4,9,114.2,104,53,51,9.0,10.0,52,100,1.36,.241,SEA
ShaySSchanamanSchanamanP,0,0,0.00,1,0,0,0,0,0,0.1,0,0,0,0.0,0.0,0,1,0.00,0.0,ATL
GarrettGSchoenleSchoenleP,0,0,0.00,2,0,0,0,0,0,1.2,0,0,0,0.0,0.0,0,1,0.00,0.0,CWS
JohnJSchreiberSchreiberP,12,9,3.60,198,2,0,0,11,21,195.0,173,85,78,15.0,14.0,73,211,1.26,.236,KC
AustinASchulferSchulferP,0,0,9.00,2,0,0,0,0,1,2.0,4,2,2,0.0,0.0,0,1,2.00,0.444,PHI
PaxtonPSchultzSchultzP,0,0,18.00,1,0,0,0,1,1,1.0,3,2,2,0.0,0.0,1,1,4.00,0.5,TOR
TJTShookShookP,0,0,9.00,1,0,0,0,0,0,1.0,2,1,1,0.0,0.0,0,1,2.00,0.4,NYM
AveryAShortShortP,0,0,0.00,2,0,0,0,0,0,1.0,0,0,0,0.0,0.0,1,1,1.00,0.0,AZ
JaredJShusterShusterP,6,8,4.93,50,15,0,0,0,2,126.0,127,72,69,16.0,1.0,59,86,1.48,.262,CWS
ChaseCSilsethSilsethP,5,5,5.06,25,17,0,0,0,1,89.0,82,54,50,19.0,3.0,42,92,1.39,.240,LAA
JoshJSimpsonSimpsonP,0,0,18.00,1,0,0,0,0,0,1.0,1,2,2,1.0,0.0,1,1,2.00,0.25,MIA
LandonLSimsSimsP,0,0,9.00,1,0,0,0,0,0,1.0,1,1,1,0.0,0.0,2,1,3.00,0.25,AZ
JackJSinclairSinclairP,0,0,0.00,1,0,0,0,0,0,1.0,2,0,0,0.0,0.0,0,1,2.00,0.4,WSH
ShaneSSmithSmithP,0,1,21.60,1,1,0,0,0,0,1.2,1,4,4,0.0,0.0,3,1,2.40,0.2,CWS
BlakeBSnellSnellP,76,58,3.19,211,211,1,1,0,0,1096.2,840,419,389,108.0,11.0,495,1368,1.22,.210,LAD
JosJSorianoSorianoP,7,10,3.48,60,20,0,0,0,1,155.0,124,72,60,12.0,16.0,68,153,1.24,.221,LAA
ListherLSosaSosaP,0,0,0.00,1,0,0,0,0,0,1.0,0,0,0,0.0,0.0,1,1,1.00,0.0,AZ
CarterCSpiveySpiveyP,0,0,0.00,1,0,0,0,0,0,1.0,0,0,0,0.0,0.0,0,1,0.00,0.0,CLE
GarrettGStallingsStallingsP,0,0,0.00,1,0,0,0,0,0,1.0,0,0,0,0.0,0.0,1,1,1.00,0.0,MIL
DaleDStanavichStanavichP,0,0,0.00,1,0,0,0,0,0,1.0,0,0,0,0.0,0.0,0,1,0.00,0.0,MIA
KevinKStevensStevensP,0,0,0.00,1,0,0,0,0,0,1.0,0,0,0,0.0,0.0,0,1,0.00,0.0,NYY
MarcusMStromanStromanP,87,85,3.72,261,252,4,2,2,3,1458.1,1424,672,603,139.0,39.0,436,1204,1.28,.255,NYY
PeterPStrzeleckiStrzeleckiP,5,6,3.44,77,0,0,0,1,4,83.2,72,34,32,6.0,10.0,30,86,1.22,.232,PIT
TylerTStuartStuartP,1,0,18.00,1,0,0,0,0,1,1.0,1,2,2,0.0,0.0,1,1,2.00,0.25,WSH
GrantGTaylorTaylorP,0,0,0.00,1,0,0,0,0,0,1.0,0,0,0,0.0,0.0,0,1,0.00,0.0,CWS
ShaneSTelferTelferP,0,0,0.00,1,0,0,0,0,0,0.1,0,0,0,0.0,2.0,1,1,3.00,0.0,AZ
ConnorCThomasThomasP,0,0,0.00,1,0,0,0,0,0,1.2,0,0,0,0.0,0.0,2,1,1.20,0.0,MIL
BladeBTidwellTidwellP,0,0,13.50,1,1,0,0,0,0,2.0,4,3,3,1.0,0.0,1,1,2.50,0.444,NYM
JesusJTinocoTinocoP,1,3,3.77,80,2,0,0,4,6,107.1,83,49,45,20.0,6.0,52,94,1.26,.213,MIA
BlakeBTreinenTreinenP,43,34,2.78,499,7,0,0,80,109,549.2,457,195,170,39.0,18.0,204,560,1.20,.226,LAD
KyleKTylerTylerP,1,2,4.31,15,7,0,0,0,0,48.0,47,23,23,5.0,3.0,25,33,1.50,.264,PHI
PeterPVanLoonVanLoonP,0,0,13.50,1,0,0,0,0,0,0.2,2,1,1,0.0,0.0,2,1,6.00,0.5,BAL
CarlosCVargasVargasP,0,0,5.79,5,0,0,0,0,0,4.2,5,3,3,2.0,1.0,4,7,1.93,.294,SEA
AlfredAVegaVegaP,0,0,13.50,1,0,0,0,0,1,1.1,2,2,2,0.0,1.0,2,1,3.00,0.333,NYM
VinceVVelasquezVelasquezP,38,51,4.88,191,144,1,1,0,0,763.2,741,435,414,126.0,33.0,307,822,1.37,.254,CLE
JustinJVerlanderVerlanderP,0,0,4.50,1,1,0,0,0,0,2.0,1,1,1,1.0,0.0,1,1,1.00,0.143,SF
AlexAVesiaVesiaP,15,11,2.89,232,1,0,0,8,15,214.2,146,87,69,25.0,7.0,103,289,1.16,.189,LAD
NickNVespiVespiP,6,0,3.88,45,0,0,0,1,2,53.1,55,23,23,8.0,2.0,13,46,1.28,.271,PHI
JesseJWainscottWainscottP,1,0,0.00,1,0,0,0,0,0,0.1,0,0,0,0.0,0.0,0,1,0.00,0.0,SEA
RyanRWalkerWalkerP,15,7,2.48,125,14,0,0,11,16,141.1,111,44,39,13.0,11.0,42,177,1.08,.217,SF
BlakeBWalstonWalstonP,1,0,4.42,7,2,0,0,0,0,18.1,16,12,9,4.0,3.0,10,18,1.42,.229,AZ
BrandonBWalterWalterP,0,0,6.26,9,0,0,0,1,1,23.0,32,17,16,3.0,1.0,7,16,1.70,.327,HOU
AndrewAWaltersWaltersP,1,0,0.00,9,1,0,0,0,0,8.2,1,1,0,0.0,0.0,5,6,0.69,.038,CLE
SamSWeatherlyWeatherlyP,0,0,0.00,1,0,0,0,0,0,1.0,0,0,0,0.0,1.0,1,1,1.00,0.0,COL
JacobJWebbWebbP,12,10,2.98,192,0,0,0,6,12,187.0,148,79,62,18.0,7.0,88,186,1.26,.214,TEX
LoganLWebbWebbP,55,42,3.42,146,143,3,2,0,0,855.1,810,358,325,60.0,30.0,204,770,1.19,.250,SF
BlakeBWeimanWeimanP,0,0,18.00,1,0,0,0,0,0,1.0,3,2,2,0.0,0.0,0,1,3.00,0.6,HOU
ZackZWeissWeissP,1,1,4.61,25,0,0,0,0,0,27.1,18,16,14,8.0,2.0,15,33,1.21,.184,STL
JBJWendelkenWendelkenP,10,6,4.00,144,0,0,0,2,4,159.2,133,80,71,16.0,3.0,70,151,1.27,.221,SD
NathanNWilesWilesP,0,0,9.00,1,0,0,0,1,1,1.0,2,1,1,0.0,0.0,0,1,2.00,0.4,TB
TrevorTWilliamsWilliamsP,50,55,4.30,202,161,1,1,1,3,926.1,959,484,443,135.0,36.0,302,760,1.36,.267,WSH
StevenSWilsonWilsonP,6,10,4.03,142,1,0,0,1,6,140.2,100,72,63,22.0,9.0,73,144,1.23,.198,CWS
AllanAWinansWinansP,1,4,7.20,8,8,0,0,0,0,40.0,51,33,32,8.0,2.0,12,38,1.58,.307,NYY
JoshJWinderWinderP,6,7,4.39,38,11,0,0,1,1,110.2,111,57,54,14.0,7.0,33,85,1.30,.261,AZ
ColeCWinnWinnP,0,1,7.79,13,0,0,0,0,0,17.1,18,15,15,2.0,3.0,4,14,1.27,.261,TEX
GrantGWolframWolframP,0,0,0.00,1,0,0,0,0,0,1.0,1,0,0,0.0,0.0,1,1,2.00,0.25,MIL
RandyRWynneWynneP,0,1,3.86,1,0,0,0,0,0,2.1,3,1,1,0.0,0.0,1,0,1.71,.300,CIN
KirbyKYatesYatesP,26,21,3.17,422,0,0,0,95,109,411.1,294,157,145,54.0,28.0,164,571,1.11,.197,LAD
DannyDYoungYoungP,4,1,3.96,53,0,0,0,0,0,52.1,47,26,23,4.0,10.0,22,65,1.32,.237,NYM
DannyDYoungYoungP,0,1,21.00,4,0,0,0,0,0,3.0,5,7,7,1.0,0.0,6,0,3.67,.357,NYM
AngelAZerpaZerpaP,7,5,3.85,79,6,0,0,0,2,112.1,117,53,48,15.0,6.0,31,92,1.32,.264,KC
TylerTZuberZuberP,1,5,5.13,56,0,0,0,0,0,52.2,44,32,30,11.0,2.0,39,59,1.58,.228,NYM
TravisTAdamsAdamsP,0,1,36.00,1,0,0,0,0,0,1.0,5,4,4,0.0,0.0,1,0,6.00,0.625,MIN
TyTAdcockAdcockP,0,0,5.85,15,0,0,0,0,0,20.0,18,14,13,8.0,0.0,2,14,1.00,.234,NYM
JoanJAdonAdonP,3,16,6.66,35,26,0,0,0,0,132.1,154,100,98,19.0,11.0,70,118,1.69,.288,WSH
ZachZAgnosAgnosP,0,0,0.00,2,0,0,0,0,0,2.0,1,0,0,0.0,0.0,0,0,0.50,0.143,COL
MasonMAlbrightAlbrightP,0,0,0.00,1,0,0,0,0,0,1.0,1,0,0,0.0,0.0,2,0,3.00,0.25,COL
DanDAltavillaAltavillaP,8,8,4.36,124,1,0,0,1,10,119.2,98,65,58,17.0,5.0,63,134,1.35,.223,CWS
JhosmerJAlvarezAlvarezP,0,0,0.00,1,0,0,0,0,0,1.0,0,0,0,0.0,0.0,0,0,0.00,0.0,AZ
JustinJAndersonAndersonP,7,5,4.63,167,0,0,0,6,14,155.2,132,86,80,14.0,8.0,104,184,1.52,.227,CWS
ShaunSAndersonAndersonP,3,7,6.10,69,18,0,0,2,2,152.0,195,118,103,23.0,5.0,63,117,1.70,.308,LAA
SamSArmstrongArmstrongP,0,0,0.00,1,0,0,0,1,1,1.0,0,0,0,0.0,0.0,0,0,0.00,0.0,CHC
ShawnSArmstrongArmstrongP,11,8,4.15,299,16,0,0,8,21,347.1,339,173,160,42.0,21.0,120,360,1.32,.252,TEX
KyleKBackhusBackhusP,0,0,0.00,1,0,0,0,0,0,1.0,0,0,0,0.0,0.0,0,0,0.00,0.0,AZ
AnthonyABandaBandaP,10,8,4.92,138,8,0,0,3,11,168.1,189,97,92,19.0,12.0,67,159,1.52,.283,LAD
AlecABargerBargerP,0,0,0.00,2,0,0,0,0,0,1.1,1,0,0,0.0,0.0,1,0,1.50,0.2,COL
JoeJBarlowBarlowP,4,4,3.05,79,0,0,0,24,29,73.2,52,32,25,9.0,4.0,27,61,1.07,.195,TEX
ZachZBarnesBarnesP,0,0,0.00,1,0,0,0,0,0,1.0,2,2,0,0.0,0.0,0,0,2.00,0.333,AZ
CharlieCBeilensonBeilensonP,0,0,0.00,1,0,0,0,0,1,0.2,3,3,0,0.0,0.0,1,0,6.00,0.6,SEA
RyanRBergertBergertP,1,0,0.00,1,1,0,0,0,0,1.0,0,0,0,0.0,0.0,0,0,0.00,0.0,SD
ReidRBirlingmairBirlingmairP,0,0,13.50,1,0,0,0,0,0,0.2,1,1,1,0.0,0.0,1,0,3.00,0.333,TEX
SpencerSBivensBivensP,3,1,3.14,27,2,0,0,1,1,48.2,47,20,17,9.0,1.0,11,37,1.19,.250,SF
JakeJBlossBlossP,0,1,6.94,3,3,0,0,0,0,11.2,16,9,9,5.0,0.0,3,11,1.63,.314,TOR
CodyCBoltonBoltonP,1,0,5.40,33,0,0,0,0,0,40.0,48,26,24,6.0,1.0,24,39,1.80,.294,SEA
BryceBBonninBonninP,0,0,0.00,1,0,0,0,0,0,0.1,0,0,0,0.0,0.0,0,0,0.00,0.0,TEX
CamCBooserBooserP,2,3,3.38,43,0,0,0,1,3,42.2,41,17,16,5.0,0.0,16,43,1.34,.250,CWS
BenBBowdenBowdenP,3,2,6.56,39,0,0,0,0,1,35.2,44,30,26,6.0,1.0,21,42,1.82,.288,ATH
KalebKBowmanBowmanP,0,0,0.00,1,0,0,0,0,1,0.1,1,0,0,0.0,0.0,0,0,3.00,0.5,MIL
RyanRBoyerBoyerP,0,0,0.00,1,0,0,0,0,0,0.1,0,0,0,0.0,0.0,0,0,0.00,0.0,TOR
TajTBradleyBradleyP,13,19,4.75,48,46,0,0,0,0,242.2,228,137,128,45.0,4.0,86,283,1.29,.244,TB
JakeJBrentzBrentzP,5,5,5.19,80,0,0,0,2,7,69.1,56,47,40,8.0,7.0,47,85,1.49,.220,TB
ColtenCBrewerBrewerP,2,5,5.10,100,4,0,0,1,3,120.0,139,77,68,16.0,5.0,70,114,1.74,.290,NYY
JTJBrubakerBrubakerP,9,28,4.99,63,61,0,0,0,0,315.2,328,187,175,51.0,21.0,109,324,1.38,.263,NYY
TannerTBurnsBurnsP,0,0,0.00,1,0,0,0,0,0,1.0,0,0,0,0.0,0.0,0,0,0.00,0.0,CLE
JosJButtButtP,8,7,3.38,40,15,0,0,3,6,120.0,83,45,45,11.0,5.0,63,122,1.22,.196,NYM
EdwardECabreraCabreraP,17,22,4.32,63,61,0,0,0,0,294.0,228,152,141,42.0,22.0,168,328,1.35,.213,MIA
YorlinYCalderonCalderonP,0,0,0.00,1,0,0,0,0,0,0.1,1,0,0,0.0,0.0,0,0,3.00,0.5,SEA
BlasBCastanoCastanoP,0,0,9.00,1,0,0,0,0,0,1.0,1,1,1,0.0,0.0,1,0,2.00,0.25,SEA
JosJCastilloCastilloP,3,3,4.24,40,0,0,0,0,1,40.1,26,19,19,3.0,5.0,16,55,1.04,.183,AZ
MiguelMCastroCastroP,22,28,4.20,419,4,0,0,14,31,460.2,404,234,215,58.0,23.0,233,410,1.38,.235,HOU
BradyBChobanChobanP,0,0,6.75,2,0,0,0,1,1,1.1,2,1,1,0.0,0.0,0,0,1.50,0.4,LAA
MiguelMCienfuegosCienfuegosP,0,0,0.00,1,0,0,0,0,0,0.1,0,0,0,0.0,1.0,0,0,0.00,0.0,SD
HarrisonHCohenCohenP,0,0,0.00,1,0,0,0,0,0,0.1,1,0,0,0.0,0.0,0,0,3.00,0.5,NYY
LuisLContrerasContrerasP,0,0,9.00,5,0,0,0,0,0,6.0,7,6,6,0.0,0.0,2,6,1.50,.292,HOU
RoansyRContrerasContrerasP,10,16,4.72,90,33,0,0,3,5,234.2,223,131,123,35.0,7.0,103,201,1.39,.248,BAL
TomTCosgroveCosgroveP,1,3,3.95,72,0,0,0,1,1,66.0,54,31,29,6.0,9.0,25,59,1.20,.221,SD
ChaseCCostelloCostelloP,0,0,0.00,1,0,0,0,0,0,0.1,0,0,0,0.0,0.0,1,0,3.00,0.0,MIL
DylanDCoveyCoveyP,7,32,6.18,100,46,0,0,0,3,307.1,353,228,211,52.0,8.0,133,214,1.58,.288,ATL
YovannyYCruzCruzP,0,0,27.00,1,0,0,0,0,1,1.0,4,3,3,0.0,0.0,0,0,4.00,0.571,BOS
JohnJCurtissCurtissP,6,2,4.06,94,5,0,0,2,4,108.2,105,55,49,16.0,4.0,32,104,1.26,.250,AZ
HagenHDannerDannerP,0,0,0.00,1,0,0,0,0,0,0.1,0,0,0,0.0,0.0,0,0,0.00,.000,SEA
EnyelEDeLosSantosDeLosSantosP,14,6,4.46,229,3,0,0,3,11,248.1,230,133,123,38.0,16.0,98,261,1.32,.247,ATL
DylanDDoddDoddP,2,2,7.68,8,7,0,0,0,0,36.1,57,31,31,9.0,1.0,13,17,1.93,.358,ATL
TannerTDodsonDodsonP,0,0,0.00,1,0,0,0,0,0,1.0,0,0,0,0.0,0.0,0,0,0.00,0.0,ATH
ScottSEffrossEffrossP,3,5,2.89,77,1,0,0,4,7,74.2,61,31,24,6.0,4.0,18,82,1.06,.223,NYY
FraserFEllardEllardP,2,3,3.75,25,0,0,0,1,2,24.0,18,12,10,3.0,1.0,12,26,1.25,.212,CWS
MasonMErlaErlaP,0,0,0.00,1,0,0,0,0,0,0.2,1,0,0,0.0,0.0,2,0,4.50,0.5,LAA
LoganLEvansEvansP,0,0,27.00,1,1,0,0,0,0,1.1,5,4,4,0.0,0.0,0,0,3.75,0.625,SEA
AlexAFaedoFaedoP,8,13,4.51,64,30,0,0,0,3,175.2,160,93,88,28.0,5.0,73,157,1.33,.241,TB
CalvinCFaucherFaucherP,5,7,4.65,92,4,0,0,7,10,100.2,106,61,52,8.0,6.0,48,109,1.53,.268,MIA
ErickEFeddeFeddeP,30,42,4.82,133,119,0,0,0,1,631.2,655,351,338,98.0,15.0,243,506,1.42,.269,STL
NeftalNFelizFelizP,21,20,3.55,362,7,1,0,107,129,393.1,293,163,155,46.0,15.0,155,366,1.14,.207,SEA
MattMFestaFestaP,8,3,4.60,108,1,0,0,2,5,117.1,101,65,60,18.0,6.0,52,126,1.30,.231,TEX
JoshJFlemingFlemingP,20,14,4.77,80,25,0,0,2,3,254.2,282,153,135,33.0,6.0,83,161,1.43,.279,SEA
BowdenBFrancisFrancisP,9,5,2.88,48,13,0,0,1,1,140.2,97,48,45,22.0,8.0,30,128,0.90,.192,TOR
NickNFrazeFrazeP,0,0,0.00,1,0,0,0,0,0,0.1,0,0,0,0.0,0.0,0,0,0.00,0.0,TOR
CarsonCFulmerFulmerP,7,15,5.38,114,24,0,0,0,2,227.1,212,148,136,35.0,23.0,126,205,1.49,.244,PIT
BrandynBGarciaGarciaP,0,0,0.00,1,0,0,0,0,0,1.0,1,0,0,0.0,0.0,0,0,1.00,0.25,SEA
SamSGarciaGarciaP,0,0,0.00,1,0,0,0,0,0,1.0,1,0,0,0.0,0.0,1,0,2.00,0.25,MIL
YimiYGarcaGarcaP,22,29,3.59,414,1,0,0,26,51,398.1,324,184,159,60.0,24.0,96,431,1.05,.219,TOR
CesarCGomezGomezP,0,0,9.00,1,0,0,0,0,0,1.0,1,1,1,1.0,0.0,0,0,1.00,0.25,HOU
MichaelMGomezGomezP,0,0,0.00,1,0,0,0,0,0,1.0,1,0,0,0.0,0.0,1,0,2.00,0.25,STL
AustinAGordonGordonP,0,0,135.00,1,0,0,0,0,0,0.1,2,5,5,0.0,0.0,3,0,15.00,0.667,LAA
ChadCGreenGreenP,40,28,3.23,337,24,0,0,28,47,449.0,349,178,161,64.0,12.0,114,556,1.03,.214,TOR
MarquisMGrissomJrGrissomJrP,0,0,0.00,1,0,0,0,1,1,1.0,0,0,0,0.0,1.0,0,0,0.00,0.0,WSH
SeanSGuentherGuentherP,3,1,5.01,31,0,0,0,0,1,41.1,40,24,23,1.0,4.0,12,27,1.26,.253,DET
YoendrysYGmezGmezP,0,0,3.38,6,0,0,0,0,0,13.1,12,5,5,2.0,2.0,7,14,1.43,.235,NYY
BrenanBHanifeeHanifeeP,1,1,2.36,24,3,0,0,0,1,34.1,35,10,9,3.0,0.0,6,26,1.19,.255,DET
HunterHHarveyHarveyP,9,11,3.30,170,0,0,0,11,21,174.1,147,72,64,17.0,8.0,50,190,1.13,.229,KC
DakotaDHawkinsHawkinsP,0,0,0.00,1,0,0,0,0,0,0.1,0,0,0,0.0,0.0,0,0,0.00,0.0,NYM
RyanRHelsleyHelsleyP,28,14,2.63,239,0,0,0,84,102,263.2,182,86,77,22.0,2.0,107,314,1.10,.194,STL
EdgardoEHenriquezHenriquezP,0,0,2.70,3,0,0,0,1,1,3.1,2,1,1,0.0,0.0,2,5,1.20,.167,LAD
DaysbelDHernndezHernndezP,4,0,3.32,20,0,0,0,0,1,21.2,16,9,8,1.0,1.0,13,32,1.34,.200,ATL
EduardoEHerreraHerreraP,0,0,9.00,1,0,0,0,0,0,1.0,1,1,1,0.0,0.0,1,0,2.00,0.25,NYM
MasonMHickmanHickmanP,0,0,4.50,2,0,0,0,0,0,2.0,2,1,1,1.0,0.0,0,0,1.00,0.286,CLE
JadenKHillHillP,0,0,5.06,9,0,0,0,0,0,10.2,8,7,6,2.0,2.0,4,6,1.13,.216,COL
CarsonCHobbsHobbsP,0,1,0.00,1,0,0,0,0,1,0.2,4,4,0,0.0,0.0,1,0,7.50,0.667,LAD
ColinCHoldermanHoldermanP,8,9,3.58,137,0,0,0,2,11,135.2,117,62,54,10.0,11.0,59,138,1.30,.234,PIT
GrantGHolmanHolmanP,1,1,4.02,18,0,0,0,0,1,15.2,17,8,7,1.0,1.0,9,16,1.66,.270,ATH
BaileyBHornHornP,1,1,6.50,18,0,0,0,0,2,18.0,22,14,13,5.0,0.0,10,13,1.78,.293,STL
JackJHostetlerHostetlerP,0,0,0.00,1,0,0,0,0,0,1.0,0,0,0,0.0,0.0,0,0,0.00,0.0,MIL
GabrielGHughesHughesP,0,0,0.00,1,1,0,0,0,0,2.0,0,0,0,0.0,0.0,1,0,0.50,0.0,COL
NickNHullHullP,0,0,0.00,1,0,0,0,0,0,0.1,0,0,0,0.0,0.0,0,0,0.00,0.0,CHC
KCKHuntHuntP,0,1,18.00,1,0,0,0,0,1,1.0,1,2,2,1.0,0.0,1,0,2.00,0.25,MIL
JakeJIrvinIrvinP,13,21,4.49,57,57,0,0,0,0,308.2,291,163,154,49.0,12.0,106,255,1.29,.248,WSH
ZachZJacobsJacobsP,0,0,0.00,1,0,0,0,0,1,0.2,1,0,0,0.0,0.0,1,0,3.00,0.5,CLE
WilWJensenJensenP,0,0,0.00,1,0,0,0,0,0,0.1,0,0,0,0.0,0.0,0,0,0.00,0.0,CHC
BrandonBJohnsonJohnsonP,0,0,27.00,1,0,0,0,0,1,0.2,1,2,2,1.0,0.0,2,0,4.50,0.333,KC
ChandlerCJozwiakJozwiakP,0,0,0.00,1,0,0,0,0,0,0.1,0,0,0,0.0,0.0,0,0,0.00,0.0,MIA
DanielDJuarezJuarezP,0,0,0.00,1,0,0,0,0,0,0.1,0,0,0,0.0,0.0,0,0,0.00,0.0,NYM
ChrisCKachmarKachmarP,0,0,0.00,1,0,0,0,0,0,1.0,0,0,0,0.0,0.0,0,0,0.00,0.0,CHC
RobRKaminskyKaminskyP,0,0,1.93,5,0,0,0,0,0,4.2,3,3,1,0.0,0.0,2,3,1.07,.188,STL
KarlKKauffmannKauffmannP,2,5,8.23,11,3,0,0,0,0,35.0,42,34,32,5.0,4.0,16,16,1.66,.311,COL
ZackZKellyKellyP,7,3,3.95,70,3,0,0,0,1,79.2,65,41,35,12.0,4.0,39,78,1.31,.218,BOS
JohnJKingKingP,14,13,3.60,163,0,0,0,0,11,205.0,218,97,82,17.0,8.0,54,137,1.33,.274,STL
JustinJKingKingP,0,0,81.00,1,0,0,0,0,0,0.2,4,6,6,1.0,0.0,3,0,10.50,0.667,MIA
JimmyJKingsburyKingsburyP,0,0,0.00,2,0,0,0,0,0,0.2,0,0,0,0.0,0.0,0,0,0.00,0.0,SEA
GeorgeGKlassenKlassenP,0,0,0.00,1,0,0,0,0,0,1.0,2,0,0,0.0,0.0,0,0,2.00,0.5,LAA
LandonLKnackKnackP,3,5,3.65,15,12,0,0,1,1,69.0,58,28,28,14.0,3.0,18,69,1.10,.220,LAD
AntonioAKnowlesKnowlesP,0,0,0.00,1,0,0,0,0,0,1.0,0,0,0,0.0,0.0,0,0,0.00,0.0,LAD
KevinKKoppsKoppsP,0,0,0.00,1,0,0,0,0,0,0.1,0,0,0,0.0,0.0,0,0,0.00,0.0,SD
JoeyJKrehbielKrehbielP,6,5,3.65,70,0,0,0,1,1,74.0,61,33,30,11.0,3.0,27,57,1.19,.222,TB
JustinJLawrenceLawrenceP,12,12,5.43,182,0,0,0,14,28,194.0,203,132,117,17.0,15.0,110,188,1.61,.275,COL
BrandonBLeibrandtLeibrandtP,0,0,5.28,7,0,0,0,0,0,15.1,14,9,9,3.0,0.0,9,8,1.50,.237,NYY
ZacZLeighLeighP,1,0,0.00,2,0,0,0,0,0,1.0,0,0,0,0.0,0.0,0,0,0.00,0.0,CHC
BradBLordLordP,0,0,4.50,1,0,0,0,0,0,2.0,3,1,1,0.0,0.0,0,0,1.50,0.375,WSH
JoeyJLucchesiLucchesiP,23,26,4.10,81,77,0,0,0,0,394.2,368,189,180,55.0,11.0,137,388,1.28,.247,SF
JoeJMantiplyMantiplyP,11,12,4.01,246,5,0,0,3,12,206.1,204,107,92,14.0,4.0,58,186,1.27,.257,AZ
RonRMarinaccioMarinaccioP,6,5,3.22,101,0,0,0,2,7,114.2,75,47,41,12.0,16.0,61,137,1.19,.188,SD
CorbinCoMartinMartinP,1,5,6.71,17,10,0,0,0,0,57.2,71,47,43,16.0,1.0,38,53,1.89,.303,BAL
RodolfoRMartinezMartinezP,0,0,9.00,1,0,0,0,0,0,1.0,1,1,1,1.0,0.0,1,0,2.00,0.25,BAL
YukiYMatsuiMatsuiP,4,2,3.73,64,0,0,0,0,4,62.2,46,27,26,8.0,0.0,27,69,1.16,.204,SD
StevenSMatzMatzP,55,60,4.29,193,170,1,1,0,0,927.2,950,475,442,140.0,39.0,280,881,1.33,.263,STL
TylerTMatzekMatzekP,16,21,3.72,168,24,1,1,1,4,285.1,246,123,118,21.0,12.0,142,272,1.36,.234,NYY
GunnerGMayerMayerP,0,0,0.00,1,0,0,0,0,0,0.1,0,0,0,0.0,0.0,0,0,0.00,0.0,PHI
AdamAMazurMazurP,1,3,7.49,8,8,0,0,0,0,33.2,40,28,28,6.0,2.0,21,22,1.81,.301,MIA
ZachZMcCambleyMcCambleyP,0,0,0.00,2,0,0,0,0,0,0.2,2,0,0,0.0,0.0,1,0,4.50,0.5,MIA
EastonEMcGeeMcGeeP,0,0,0.00,2,1,0,0,0,0,9.2,5,1,0,0.0,0.0,1,3,0.62,.143,MIL
TreyTMcGoughMcGoughP,0,1,27.00,1,0,0,0,0,1,1.0,3,3,3,1.0,0.0,2,0,5.00,0.6,CWS
JakeJMcSteenMcSteenP,0,0,0.00,1,0,0,0,0,0,0.1,0,0,0,0.0,0.0,1,0,3.00,0.0,ATL
SamSMcWilliamsMcWilliamsP,0,0,0.00,1,0,0,0,0,0,1.0,0,0,0,0.0,0.0,0,0,0.00,0.0,MIL
JacobJMeadorMeadorP,0,0,0.00,1,0,0,0,0,0,1.0,0,0,0,0.0,0.0,3,0,3.00,0.0,LAD
MichaelMMercadoMercadoP,1,2,11.08,5,2,0,0,0,0,13.0,16,16,16,9.0,1.0,9,10,1.92,.296,PHI
NickNMikolajchakMikolajchakP,0,0,0.00,2,0,0,0,0,0,1.0,1,0,0,0.0,0.0,0,0,1.00,0.25,CLE
MilesMMikolasMikolasP,64,64,4.16,210,182,3,2,0,1,1096.0,1108,539,506,138.0,47.0,209,795,1.20,.262,STL
BobbyBMillerMillerP,13,8,5.24,35,35,0,0,0,0,180.1,174,106,105,29.0,8.0,62,171,1.31,.252,LAD
RyanRMillerMillerP,0,1,4.15,13,0,0,0,0,1,13.0,13,7,6,2.0,0.0,8,11,1.62,.260,DET
AnthonyAMolinaMolinaP,1,1,6.79,35,1,0,0,0,2,59.2,72,46,45,5.0,2.0,22,41,1.58,.305,COL
KeiderKMonteroMonteroP,6,6,4.76,19,16,1,1,0,0,98.1,100,54,52,19.0,3.0,31,77,1.33,.265,DET
ChristianCMontesDeOcaMontesDeOcaP,0,0,0.00,1,0,0,0,0,0,1.0,0,0,0,0.0,0.0,2,0,2.00,0.0,AZ
MasonMMontgomeryMontgomeryP,0,0,1.86,9,0,0,0,0,0,9.2,6,2,2,0.0,0.0,5,17,1.14,.188,TB
WesleyWMooreMooreP,0,1,27.00,1,0,0,0,0,0,0.1,2,1,1,0.0,0.0,1,0,9.00,0.667,PHI
ZaneZMorehouseMorehouseP,0,0,0.00,1,0,0,0,0,0,0.1,0,0,0,0.0,0.0,2,0,6.00,0.0,CLE
LuisLMorenoMorenoP,0,0,20.25,1,0,0,0,0,0,1.1,3,3,3,0.0,0.0,2,0,3.75,0.429,NYM
AlfredAMorilloMorilloP,0,0,0.00,1,0,0,0,0,0,1.0,1,0,0,0.0,0.0,1,0,2.00,0.333,AZ
CharlieCMortonMortonP,138,123,4.01,383,382,3,2,0,0,2125.2,1991,1045,948,203.0,186.0,787,2047,1.31,.249,BAL
OddanierOMosquedaMosquedaP,0,0,0.00,1,0,0,0,0,0,0.1,0,0,0,0.0,0.0,0,0,0.00,0.0,STL
RolddyRMunozMunozP,0,0,0.00,1,0,0,0,0,0,1.0,0,0,0,0.0,0.0,0,0,0.00,0.0,ATL
LukeLMurphyMurphyP,0,0,0.00,1,0,0,0,0,0,0.1,0,0,0,0.0,0.0,0,0,0.00,0.0,LAA
TylerTMyrickMyrickP,0,0,0.00,1,0,0,0,0,0,0.1,0,0,0,0.0,0.0,0,0,0.00,0.0,SF
TimTNaughtonNaughtonP,0,0,0.00,1,0,0,0,0,0,0.1,1,0,0,0.0,0.0,1,0,6.00,0.5,DET
TysonTNeighborsNeighborsP,0,0,0.00,1,0,0,0,0,0,0.1,1,0,0,0.0,0.0,0,0,3.00,0.5,SD
ShinnosukeSOgasawaraOgasawaraP,1,0,0.00,1,1,0,0,0,0,1.0,1,0,0,0.0,0.0,0,0,1.00,0.25,WSH
PeytonPPallettePalletteP,0,0,0.00,1,0,0,0,0,0,1.0,0,0,0,0.0,0.0,0,0,0.00,0.0,CWS
ColeCPaplhamPaplhamP,0,0,54.00,1,0,0,0,0,0,0.1,2,2,2,0.0,1.0,0,0,6.00,0.667,SD
EricEPardinhoPardinhoP,0,0,40.50,1,0,0,0,0,0,0.2,3,3,3,1.0,0.0,1,0,6.00,0.6,TOR
EnoliEParedesParedesP,4,3,3.00,55,0,0,0,1,3,54.0,41,24,18,1.0,5.0,41,53,1.52,.210,ATL
NateNPearsonPearsonP,9,5,4.75,112,6,0,0,3,7,142.0,131,82,75,26.0,6.0,64,153,1.37,.243,CHC
CarlosCPenaPenaP,0,0,0.00,1,0,0,0,0,0,1.0,0,0,0,0.0,0.0,0,0,0.00,0.0,DET
KonnorKPilkingtonPilkingtonP,1,2,3.75,16,11,0,0,0,0,60.0,54,30,25,6.0,2.0,33,52,1.45,.235,WSH
PJPPoulinPoulinP,0,0,0.00,1,0,0,0,0,0,0.1,0,0,0,0.0,0.0,0,0,0.00,0.0,DET
QuinnQPriesterPriesterP,6,9,6.23,21,15,0,0,0,0,99.2,114,73,69,19.0,6.0,41,69,1.56,.284,BOS
CionelCPrezPrezP,15,6,3.80,238,0,0,0,6,9,215.1,194,108,91,15.0,10.0,111,197,1.42,.238,BAL
StefanSRaethRaethP,0,0,0.00,1,0,0,0,0,0,0.2,1,0,0,0.0,0.0,1,0,3.00,0.333,SEA
WilkinWRamosRamosP,0,0,0.00,1,0,0,0,0,0,1.0,0,0,0,0.0,0.0,0,0,0.00,0.0,PIT
LivanLReinosoReinosoP,0,0,13.50,1,0,0,0,0,1,0.2,1,1,1,0.0,0.0,2,0,4.50,0.5,LAD
YaquiYRiveraRiveraP,0,0,0.00,1,0,0,0,0,0,0.1,0,0,0,0.0,0.0,0,0,0.00,0.0,BAL
SemSRobberseRobberseP,0,1,94.50,1,0,0,0,0,1,0.2,9,9,7,2.0,1.0,0,0,13.50,0.75,STL
DomingoDRoblesRoblesP,0,0,18.00,1,0,0,0,0,0,1.0,1,2,2,1.0,0.0,2,0,3.00,0.333,ATH
ChrisCRodriguezRodriguezP,2,1,3.64,15,2,0,0,0,1,29.2,28,14,12,0.0,4.0,15,29,1.45,.243,CWS
EthanERoutzahnRoutzahnP,0,0,0.00,1,0,0,0,0,0,1.0,1,0,0,0.0,0.0,1,0,2.00,0.25,SD
ChrisCRoycroftRoycroftP,1,2,4.19,27,0,0,0,0,1,34.1,31,19,16,2.0,4.0,17,33,1.40,.238,STL
EduardoESalazarSalazarP,1,1,4.32,34,0,0,0,0,0,41.2,50,22,20,2.0,5.0,19,32,1.66,.299,WSH
ChrisCSaleSaleP,138,83,3.04,372,292,16,3,12,15,1958.1,1590,712,661,202.0,119.0,455,2414,1.04,.219,ATL
DennisDSantanaSantanaP,11,15,4.76,205,1,0,0,4,10,221.1,192,130,117,17.0,17.0,100,209,1.32,.234,PIT
TylerTSantanaSantanaP,0,0,0.00,1,0,0,0,0,0,1.0,1,0,0,0.0,0.0,0,0,1.00,0.333,CHC
AlexASantosIISantosP,0,0,0.00,1,0,0,0,0,0,1.0,1,0,0,0.0,0.0,1,0,2.00,0.25,HOU
WinstonWSantosSantosP,0,0,0.00,1,0,0,0,0,0,0.2,0,0,0,0.0,0.0,1,0,1.50,0.0,TEX
MattMSauerSauerP,0,0,7.71,14,0,0,0,0,0,16.1,23,14,14,3.0,1.0,11,9,2.08,.324,LAD
TaylerTayScottScottP,7,4,4.94,101,5,0,0,0,5,114.2,118,71,63,17.0,11.0,62,115,1.57,.266,HOU
HaydenHSeigSeigP,0,0,0.00,1,0,0,0,0,0,0.1,0,0,0,0.0,0.0,0,0,0.00,0.0,LAA
FlorencioFSerranoSerranoP,0,0,0.00,1,0,0,0,0,0,0.1,1,0,0,0.0,0.0,0,0,3.00,0.5,TEX
EvanEShawverShawverP,0,0,0.00,1,0,0,0,0,0,0.1,0,0,0,0.0,0.0,1,0,3.00,0.0,COL
ChaseCShugartShugartP,0,0,4.15,6,0,0,0,1,1,8.2,8,4,4,1.0,0.0,3,8,1.27,.242,PIT
BenBSimonSimonP,0,0,9.00,1,0,0,0,0,0,1.0,3,1,1,0.0,0.0,0,0,3.00,0.6,NYM
RobbyRSnellingSnellingP,0,0,0.00,1,0,0,0,0,0,1.0,0,0,0,0.0,0.0,0,0,0.00,0.0,MIA
BennettBSousaSousaP,3,0,7.06,32,0,0,0,1,2,29.1,31,24,23,4.0,1.0,12,22,1.47,.270,HOU
JaredJSouthardSouthardP,0,0,0.00,1,0,0,0,0,0,0.2,0,0,0,0.0,0.0,0,0,0.00,0.0,LAA
AlexASpeasSpeasP,0,2,9.00,4,0,0,0,0,1,4.0,4,4,4,1.0,0.0,6,6,2.50,.286,MIN
CodyCStashakStashakP,4,1,4.13,55,1,0,0,0,0,72.0,72,33,33,8.0,2.0,14,83,1.19,.256,PHI
JoanderJSuarezSuarezP,0,1,18.00,1,0,0,0,0,0,1.0,2,2,2,0.0,0.0,1,0,3.00,0.5,NYM
WanderWSueroSueroP,15,14,4.75,191,0,0,0,1,10,193.1,179,109,102,23.0,14.0,71,209,1.29,.245,ATL
ColeCSulserSulserP,8,13,3.74,139,2,0,0,15,24,149.0,123,70,62,16.0,0.0,71,158,1.30,.226,TB
AlbertASurezSurezP,12,15,4.08,72,36,0,0,1,4,249.1,242,116,113,32.0,8.0,80,196,1.29,.255,BAL
MattMSvansonSvansonP,0,1,18.00,1,0,0,0,0,1,1.0,4,2,2,0.0,0.0,1,0,5.00,0.667,STL
DevinDSweetSweetP,1,0,10.38,7,0,0,0,0,0,8.2,10,10,10,4.0,2.0,6,6,1.85,.286,PHI
EmilianoETeodoTeodoP,0,0,0.00,1,0,0,0,0,0,1.0,1,0,0,0.0,0.0,1,0,2.00,0.333,TEX
KeeganKThompsonThompsonP,17,11,3.64,104,23,0,0,5,7,227.1,190,103,92,30.0,12.0,111,225,1.32,.224,CHC
ZackZThompsonThompsonP,6,10,4.50,52,12,0,0,1,2,118.0,113,62,59,17.0,3.0,47,119,1.36,.250,STL
TrentTThorntonThorntonP,12,19,4.34,202,36,0,0,1,3,358.2,358,192,173,56.0,15.0,122,347,1.34,.260,SEA
LennyLTorresJrTorresP,0,0,0.00,1,0,0,0,0,0,1.0,1,0,0,0.0,0.0,0,0,1.00,0.333,CIN
ChristopherCTroyeTroyeP,0,0,0.00,1,0,0,0,0,0,0.1,0,0,0,0.0,0.0,0,0,0.00,0.0,BOS
DaurisDValdezValdezP,0,0,54.00,1,0,0,0,0,0,0.1,1,2,2,0.0,0.0,2,0,9.00,0.5,SEA
LoganLVanWeyVanWeyP,0,0,0.00,1,0,0,0,0,0,1.2,2,0,0,0.0,0.0,1,0,1.80,0.286,HOU
MikeMVasilVasilP,0,0,18.00,1,0,0,0,0,0,1.0,2,2,2,1.0,0.0,0,0,2.00,0.4,TB
VictorVVodnikVodnikP,6,4,4.70,70,0,0,0,9,15,82.1,87,46,43,7.0,1.0,40,77,1.54,.271,COL
BrandonBWaddellWaddellP,0,1,5.68,11,0,0,0,0,0,12.2,16,9,8,2.0,0.0,11,9,2.13,.296,NYM
JacobJWaguespackWaguespackP,5,5,5.11,31,14,0,0,0,0,105.2,115,70,60,15.0,7.0,48,90,1.54,.274,TB
ColeCWaitesWaitesP,0,0,6.75,10,0,0,0,0,0,8.0,12,7,6,1.0,0.0,6,6,2.25,.353,SF
HurstonHWaldrepWaldrepP,0,1,16.71,2,2,0,0,0,0,7.0,9,13,13,3.0,1.0,8,3,2.43,.333,ATL
BeckBWayWayP,1,0,0.00,1,0,0,0,0,0,1.0,1,0,0,0.0,0.0,2,0,3.00,0.333,KC
ChandlerCWelchWelchP,0,0,0.00,1,0,0,0,0,0,1.0,1,0,0,0.0,0.0,1,0,2.00,0.333,MIL
JoeyJWentzWentzP,6,17,5.56,78,26,0,0,1,1,205.2,220,137,127,35.0,5.0,93,198,1.52,.267,PIT
CarsonCWhisenhuntWhisenhuntP,0,0,0.00,1,0,0,0,0,0,1.0,0,0,0,0.0,0.0,0,0,0.00,0.0,SF
JakeJWoodfordWoodfordP,10,13,4.88,89,25,0,0,0,0,219.2,238,129,119,32.0,15.0,72,145,1.41,.279,COL
LoganLWorkmanWorkmanP,0,0,0.00,1,0,0,0,0,0,1.0,1,0,0,0.0,0.0,0,0,1.00,0.2,TB
AlfredoAZarragaZarragaP,0,0,0.00,2,0,0,0,0,0,1.1,2,0,0,0.0,0.0,1,0,2.25,0.4,TB
