Player,Team,W,L,ERA,G,GS,CG,SHO,SV,SVO,IP,H,R,ER,HR,HB,BB,SO,WHIP,AVG
LuisLGuerreroGuerreroP,BOS,0,0,0.00,2,0,0,0,0,0,2.0,1,0,0,0,0,1,5,1.00,.143
AndrewAHoffmannHoffmannP,KC,1,0,3.00,2,0,0,0,0,0,3.0,3,1,1,0,0,0,5,1.00,.250
CarsonCSpiersSpiersP,CIN,0,0,4.50,1,0,0,0,0,0,2.0,2,1,1,0,0,1,5,1.50,.250
JustinJSteeleSteeleP,CHC,1,0,0.00,1,1,0,0,0,0,2.0,2,0,0,0,0,0,5,1.00,.250
KolbyKAllardAllardP,CLE,0,0,0.00,1,0,0,0,0,0,2.0,0,0,0,0,0,1,4,0.50,.000
OsvaldoOBidoBidoP,ATH,0,0,0.00,1,1,0,0,0,0,2.0,1,0,0,0,0,1,4,1.00,.143
KyleKBrnovichBrnovichP,BAL,0,0,0.00,1,0,0,0,1,1,2.0,2,0,0,0,0,1,4,1.50,.250
GarrettGCrochetCrochetP,BOS,0,0,0.00,1,1,0,0,0,0,1.2,3,0,0,0,0,1,4,2.40,.429
RyanRCusickCusickP,ATH,0,0,0.00,2,0,0,0,0,0,1.2,1,0,0,0,0,3,4,2.40,.167
GersonGGarabitoGarabitoP,TEX,0,0,0.00,2,0,0,0,0,0,3.0,1,0,0,0,0,2,4,1.00,.100
JoeyJGerberGerberP,TB,0,0,0.00,1,0,0,0,0,0,2.0,2,0,0,0,0,0,4,1.00,.250
JTJGinnGinnP,ATH,0,1,27.00,1,1,0,0,0,0,1.2,5,5,5,0,0,1,4,3.60,.500
GordonGGraceffoGraceffoP,STL,0,0,4.50,1,0,0,0,0,1,2.0,1,1,1,1,0,0,4,0.50,.143
ConorCGrammesGrammesP,AZ,0,0,0.00,2,0,0,0,1,1,2.0,0,0,0,0,1,1,4,0.50,.000
JesseJHahnHahnP,SEA,0,0,0.00,2,0,0,0,0,0,2.0,1,0,0,0,0,0,4,0.50,.143
ColeCHenryHenryP,WSH,0,0,0.00,1,0,0,0,0,0,1.1,2,0,0,0,0,0,4,1.50,.333
JustinJJarvisJarvisP,LAD,0,1,22.50,2,0,0,0,0,2,2.0,4,5,5,0,0,3,4,3.50,.400
EvanJJusticeJusticeP,COL,1,0,9.00,2,0,0,0,0,1,2.0,2,3,2,0,1,1,4,1.50,.286
KentaKMaedaMaedaP,DET,0,0,0.00,1,1,0,0,0,0,2.0,0,0,0,0,0,0,4,0.00,.000
TrevorTMartinMartinP,TB,0,0,6.75,2,0,0,0,0,0,1.1,2,1,1,1,0,0,4,1.50,.333
CarsonCRagsdaleRagsdaleP,SF,0,0,0.00,1,0,0,0,0,0,2.0,1,0,0,0,0,1,4,1.00,.143
TannerTRaineyRaineyP,PIT,1,0,0.00,2,0,0,0,0,0,2.0,1,0,0,0,0,0,4,0.50,.143
EvanEReifertReifertP,WSH,0,0,4.50,2,0,0,0,0,1,2.0,0,1,1,0,0,1,4,0.50,.000
JakeJRiceRiceP,AZ,0,1,32.40,2,0,0,0,0,0,1.2,6,7,6,0,0,2,4,4.80,.500
MaxMScherzerScherzerP,TOR,0,0,4.50,1,1,0,0,0,0,2.0,1,1,1,0,0,0,4,0.50,.167
BradyBSingerSingerP,CIN,1,0,0.00,1,1,0,0,0,0,2.0,2,0,0,0,0,1,4,1.50,.286
DaneDAckerAckerP,TEX,0,0,9.00,1,0,0,0,0,0,1.0,2,1,1,0,0,1,3,3.00,.400
AustinAAdamsAdamsP,BOS,0,0,0.00,1,0,0,0,0,0,1.0,1,0,0,0,0,0,3,1.00,.250
KeeganKAkinAkinP,BAL,0,0,4.50,2,0,0,0,0,0,2.0,1,1,1,1,0,0,3,0.50,.143
PhilPBickfordBickfordP,CHC,0,0,0.00,2,0,0,0,1,1,2.0,2,0,0,0,0,1,3,1.50,.286
HaydenHBirdsongBirdsongP,SF,1,0,4.50,1,0,0,0,0,0,2.0,2,1,1,0,0,0,3,1.00,.250
AJABlubaughBlubaughP,HOU,1,0,13.50,1,0,0,0,0,1,2.0,3,3,3,1,0,0,3,1.50,.333
JuanJBurgosBurgosP,SEA,0,0,0.00,2,0,0,0,0,0,1.2,0,0,0,0,0,0,3,0.00,.000
CorbinCBurnesBurnesP,AZ,0,0,0.00,1,1,0,0,0,0,1.0,0,0,0,0,0,0,3,0.00,.000
JoeyJCantilloCantilloP,CLE,0,0,0.00,1,1,0,0,0,0,2.0,1,0,0,0,0,0,3,0.50,.143
EibersonECastellanoCastellanoP,MIN,0,0,0.00,1,0,0,0,0,0,1.0,0,0,0,0,0,1,3,1.00,.000
DiegoDCastilloCastilloP,COL,0,0,4.50,2,0,0,0,0,0,2.0,1,1,1,0,0,1,3,1.00,.125
HansHCrouseCrouseP,LAA,0,0,0.00,1,0,0,0,0,0,1.0,0,0,0,0,0,0,3,0.00,.000
StevenSCruzCruzP,KC,0,0,0.00,2,0,0,0,0,0,2.0,1,0,0,0,0,0,3,0.50,.125
ChaseCDollanderDollanderP,COL,0,0,4.50,1,1,0,0,0,0,2.0,2,1,1,1,0,0,3,1.00,.250
ShaneSDrohanDrohanP,BOS,1,0,0.00,1,0,0,0,0,0,2.0,0,0,0,0,0,0,3,0.00,.000
JuniorJunFernndezFernndezP,KC,0,0,13.50,2,0,0,0,0,0,2.0,5,3,3,1,0,1,3,3.00,.455
RicoRGarciaGarciaP,NYM,0,0,0.00,2,0,0,0,0,0,2.0,2,0,0,0,0,0,3,1.00,.250
LoganLGilbertGilbertP,SEA,0,0,18.00,1,1,0,0,0,0,1.0,1,2,2,0,0,2,3,3.00,.250
AustinAGomberGomberP,COL,1,0,0.00,1,0,0,0,0,0,2.0,1,0,0,0,0,0,3,0.50,.143
HunterHGreeneGreeneP,CIN,0,0,9.00,1,1,0,0,0,0,2.0,4,2,2,1,0,1,3,2.50,.400
RyanRGustoGustoP,HOU,0,0,0.00,1,1,0,0,0,0,2.0,0,0,0,0,0,1,3,0.50,.000
ThomasTHatchHatchP,KC,0,0,0.00,1,0,0,0,0,0,2.0,0,0,0,0,0,0,3,0.00,.000
BrentBHeadrickHeadrickP,NYY,0,0,0.00,1,0,0,0,0,0,1.0,1,0,0,0,0,1,3,2.00,.250
KyleKHendricksHendricksP,LAA,1,0,0.00,1,1,0,0,0,0,2.0,0,0,0,0,0,0,3,0.00,.000
WilkelWHernandezHernandezP,DET,1,0,0.00,1,0,0,0,0,0,2.0,1,0,0,0,0,2,3,1.50,.143
CarlosCHernndezHernndezP,KC,0,0,18.00,2,0,0,0,0,0,2.0,3,4,4,1,0,1,3,2.00,.333
SeanSHjelleHjelleP,SF,0,0,0.00,1,0,0,0,0,0,1.0,0,0,0,0,0,0,3,0.00,.000
NolanNHoffmanHoffmanP,TEX,0,1,21.60,2,0,0,0,0,0,1.2,5,4,4,1,0,1,3,3.60,.500
ClayCHolmesHolmesP,NYM,1,0,0.00,1,1,0,0,0,0,3.0,0,0,0,0,0,0,3,0.00,.000
DakotaDHudsonHudsonP,LAA,0,0,0.00,1,0,0,0,0,0,2.0,2,0,0,0,0,1,3,1.50,.286
BrantBHurterHurterP,DET,0,0,4.50,1,0,0,0,0,0,2.0,3,1,1,0,0,1,3,2.00,.333
JoeJJacquesJacquesP,LAD,0,0,4.50,2,0,0,0,0,0,2.0,2,2,1,0,0,1,3,1.50,.250
JaredJJonesJonesP,PIT,0,0,0.00,1,1,0,0,0,0,2.0,1,0,0,0,0,1,3,1.00,.167
JamesJKarinchakKarinchakP,CWS,0,0,9.00,1,0,0,0,0,1,1.0,1,1,1,1,0,0,3,1.00,.250
BradBKellerKellerP,CHC,1,0,0.00,2,0,0,0,0,0,3.2,2,0,0,0,0,1,3,0.82,.167
ZakZKentKentP,CLE,0,0,3.00,2,0,0,0,0,0,3.0,2,1,1,0,0,1,3,1.00,.200
CalebCKilianKilianP,CHC,1,0,5.40,1,0,0,0,0,1,1.2,5,1,1,0,0,1,3,3.60,.556
WillWKleinKleinP,SEA,0,0,9.00,2,0,0,0,0,0,2.0,4,3,2,0,0,1,3,2.50,.364
JackJKochanowiczKochanowiczP,LAA,0,0,4.50,1,1,0,0,0,0,2.0,2,2,1,0,0,1,3,1.50,.250
DeanDKremerKremerP,BAL,0,0,9.00,1,0,0,0,0,0,2.0,3,2,2,1,0,2,3,2.50,.333
BrooksBKriskeKriskeP,CHC,0,0,0.00,2,0,0,0,0,0,2.0,0,0,0,0,0,1,3,0.50,.000
MattMKrookKrookP,ATH,0,0,6.75,2,0,0,0,0,0,1.1,2,1,1,0,0,0,3,1.50,.333
SaurynSLaoLaoP,SEA,0,0,0.00,1,0,0,0,0,0,1.0,2,0,0,0,0,0,3,2.00,.400
EastonELucasLucasP,TOR,0,0,0.00,1,1,0,0,0,0,2.0,0,0,0,0,1,0,3,0.00,.000
NickNMartinezMartinezP,CIN,0,0,0.00,1,1,0,0,0,0,2.0,2,0,0,0,0,0,3,1.00,.286
QuinnQMathewsMathewsP,STL,0,0,0.00,1,1,0,0,0,0,2.0,2,0,0,0,0,1,3,1.50,.250
JuanJMejiaMejiaP,COL,0,0,0.00,2,0,0,0,0,0,2.0,0,0,0,0,0,1,3,0.50,.000
CaseyCMizeMizeP,DET,0,0,0.00,1,1,0,0,0,0,2.0,2,0,0,0,0,0,3,1.00,.250
EliEMorganMorganP,CHC,0,0,4.50,2,0,0,0,0,0,2.0,1,1,1,1,0,0,3,0.50,.143
PatrickPMurphyMurphyP,TEX,0,0,0.00,2,0,0,0,0,0,2.0,1,0,0,0,0,1,3,1.00,.143
JackJNeelyNeelyP,CHC,0,0,4.50,2,0,0,0,0,0,2.0,2,1,1,1,0,1,3,1.50,.250
SeanSNewcombNewcombP,BOS,0,0,0.00,1,1,0,0,0,0,2.0,1,0,0,0,0,0,3,0.50,.143
RileyROBrienOBrienP,STL,0,0,0.00,1,0,0,0,0,0,1.0,0,0,0,0,0,1,3,1.00,.000
DouglasDOrellanaOrellanaP,NYM,0,0,9.00,1,0,0,0,0,0,1.0,1,1,1,1,0,0,3,1.00,.250
EricEOrzeOrzeP,TB,0,0,0.00,2,0,0,0,0,0,2.0,1,0,0,0,0,1,3,1.00,.125
MichelMOtaezOtaezP,ATH,0,0,0.00,1,0,0,0,0,0,1.0,0,0,0,0,0,3,3,3.00,.000
BenBPeoplesPeoplesP,TB,0,0,0.00,1,0,0,0,0,0,1.0,1,0,0,0,0,2,3,3.00,.250
TylerTPhillipsPhillipsP,PHI,0,1,13.50,1,1,0,0,0,0,2.0,2,3,3,1,1,1,3,1.50,.250
RobbieRRayRayP,SF,0,0,0.00,1,1,0,0,0,0,2.0,1,0,0,0,1,0,3,0.50,.167
ColinCReaReaP,CHC,0,0,5.40,1,1,0,0,0,0,1.2,2,1,1,0,0,2,3,2.40,.286
DanielDRobertRobertP,TEX,0,0,16.20,2,0,0,0,0,0,1.2,4,3,3,1,0,2,3,3.60,.500
TekoahTRobyRobyP,STL,0,0,0.00,1,0,0,0,0,0,2.0,0,0,0,0,1,0,3,0.00,.000
BradgleyBRodriguezRodriguezP,SD,0,0,0.00,2,0,0,0,0,0,2.0,0,0,0,0,0,0,3,0.00,.000
JoseJRodriguezRodriguezP,LAD,0,0,0.00,2,0,0,0,0,0,2.0,1,0,0,0,0,0,3,0.50,.143
JoJoJRomeroRomeroP,STL,0,0,0.00,1,0,0,0,0,0,1.0,1,0,0,0,0,2,3,3.00,.250
LandenLRouppRouppP,SF,1,0,0.00,1,1,0,0,0,0,2.0,0,0,0,0,0,1,3,0.50,.000
JPJSearsSearsP,ATH,0,0,0.00,1,1,0,0,0,0,2.0,0,0,0,0,0,0,3,0.00,.000
CristopherCSnchezSnchezP,PHI,0,0,0.00,1,1,0,0,0,0,2.0,1,0,0,0,0,0,3,0.50,.143
KaiWeiKTengTengP,SF,0,0,0.00,2,0,0,0,0,0,2.0,0,0,0,0,0,0,3,0.00,.000
EdwinEUcetaUcetaP,TB,0,0,0.00,1,0,0,0,0,0,1.0,0,0,0,0,0,0,3,0.00,.000
LouisLVarlandVarlandP,MIN,1,0,0.00,2,0,0,0,0,0,2.0,0,0,0,0,0,0,3,0.00,.000
WillWWarrenWarrenP,NYY,0,0,0.00,1,0,0,0,0,0,2.0,1,0,0,0,0,1,3,1.00,.143
JordanJWeemsWeemsP,ATL,0,0,4.50,2,0,0,0,0,0,2.0,1,1,1,0,0,3,3,2.00,.167
HaydenHWesneskiWesneskiP,HOU,0,0,4.50,1,0,0,0,0,0,2.0,2,1,1,1,0,1,3,1.50,.250
TylerTWoessnerWoessnerP,MIL,0,0,13.50,2,0,0,0,0,0,1.1,2,2,2,0,1,2,3,3.00,.333
SimeonSWoodsRichardsonWoodsRichardsonP,MIN,0,0,4.50,1,1,0,0,0,0,2.0,3,1,1,1,0,0,3,1.50,.333
JefryJYanYanP,COL,0,0,0.00,2,0,0,0,0,0,2.0,1,0,0,0,0,2,3,1.50,.167
StevenSZobacZobacP,KC,0,0,4.50,1,0,0,0,0,0,2.0,2,1,1,0,0,1,3,1.50,.250
GarrettGActonActonP,TB,0,0,9.00,1,0,0,0,0,0,1.0,1,1,1,1,0,0,2,1.00,.250
JoseJAcunaAcunaP,CIN,0,1,9.00,1,0,0,0,0,0,2.0,3,2,2,1,0,1,2,2.00,.429
MasonMAdamsAdamsP,CWS,0,0,0.00,1,0,0,0,0,0,1.0,0,0,0,0,0,0,2,0.00,.000
RobbyRAhlstromAhlstromP,TEX,0,0,0.00,2,0,0,0,0,0,2.0,2,0,0,0,0,0,2,1.00,.250
JasonJAlexanderAlexanderP,ATH,0,0,0.00,1,0,0,0,0,0,1.0,1,0,0,0,0,0,2,1.00,.250
SpencerSArrighettiArrighettiP,HOU,0,0,0.00,1,1,0,0,0,0,2.0,1,0,0,0,0,3,2,2.00,.143
LuinderLAvilaAvilaP,KC,0,0,0.00,1,0,0,0,0,0,2.0,0,0,0,0,0,1,2,0.50,.000
JordanJBalazovicBalazovicP,DET,0,0,0.00,1,0,0,0,0,0,2.0,1,0,0,0,0,1,2,1.00,.167
AndrewABashBashP,TOR,0,0,6.75,1,0,0,0,0,0,1.1,1,1,1,1,0,0,2,0.75,.200
BradyBBassoBassoP,ATH,0,0,0.00,1,0,0,0,0,0,2.0,0,0,0,0,0,0,2,0.00,.000
ValenteVBellozoBellozoP,MIA,0,0,0.00,1,1,0,0,0,0,1.0,0,0,0,0,0,0,2,0.00,.000
AnthonyABenderBenderP,MIA,0,0,0.00,1,0,0,0,0,0,1.0,1,0,0,0,0,0,2,1.00,.250
SamSBenschoterBenschoterP,CIN,0,0,9.00,1,0,0,0,0,0,1.0,1,1,1,0,1,0,2,1.00,.333
MasonMBlackBlackP,SF,0,1,27.00,1,1,0,0,0,0,1.1,4,4,4,1,1,2,2,4.50,.500
BradleyBBlalockBlalockP,COL,0,0,0.00,1,1,0,0,0,0,2.0,1,0,0,0,0,0,2,0.50,.143
JonathanJBowlanBowlanP,KC,0,0,0.00,1,0,0,0,0,0,1.0,0,0,0,0,0,1,2,1.00,.000
MatthewMBoydBoydP,CHC,0,0,0.00,1,1,0,0,0,0,2.0,2,0,0,0,0,2,2,2.00,.250
SeanSBoyleBoyleP,NYY,0,0,0.00,1,1,0,0,0,0,3.0,4,0,0,0,0,1,2,1.67,.364
CodyCBradfordBradfordP,TEX,0,0,0.00,1,1,0,0,0,0,2.0,1,0,0,0,0,0,2,0.50,.143
HuascarHBrazobnBrazobnP,NYM,0,0,0.00,1,0,0,0,0,0,1.0,0,0,0,0,0,0,2,0.00,.000
AaronABrownBrownP,HOU,0,0,0.00,1,0,0,0,0,0,2.0,1,0,0,0,0,1,2,1.00,.143
BenBBrownBrownP,CHC,0,0,9.00,1,0,0,0,0,1,2.0,5,2,2,1,0,0,2,2.50,.455
KrisKBubicBubicP,KC,0,0,4.50,1,1,0,0,0,0,2.0,2,1,1,0,0,0,2,1.00,.250
RaymondRBurgosBurgosP,SF,0,0,4.50,2,0,0,0,0,0,2.0,3,1,1,1,0,0,2,1.50,.333
ChrisCCamposCamposP,LAD,0,0,0.00,1,0,0,0,0,0,1.0,1,0,0,0,0,0,2,1.00,.250
SamSCarlsonCarlsonP,LAD,0,0,0.00,2,0,0,0,0,0,2.0,1,0,0,0,0,3,2,2.00,.143
SladeSCecconiCecconiP,CLE,0,0,4.50,1,0,0,0,0,0,2.0,2,1,1,1,0,1,2,1.50,.250
ChandlerCChamplainChamplainP,KC,0,0,20.25,1,1,0,0,0,0,1.1,2,3,3,0,2,1,2,2.25,.333
AngelAChivilliChivilliP,COL,0,0,0.00,2,0,0,0,0,0,2.0,0,0,0,0,0,0,2,0.00,.000
TylerTClevelandClevelandP,SEA,0,0,0.00,1,0,0,0,0,0,1.0,0,0,0,0,0,2,2,2.00,.000
AlexanderACornielleCornielleP,MIL,1,0,13.50,2,0,0,0,0,0,2.0,2,3,3,1,0,1,2,1.50,.250
JoshuaJCorniellyCorniellyP,NYM,0,0,0.00,1,0,0,0,0,0,1.2,1,0,0,0,0,0,2,0.60,.167
RyanRCosteiuCosteiuP,LAA,1,0,18.00,1,0,0,0,0,1,1.0,2,2,2,1,0,1,2,3.00,.400
AustinACoxCoxP,KC,1,0,18.00,2,0,0,0,0,1,2.0,4,4,4,1,0,2,2,3.00,.444
FernandoFCruzCruzP,NYY,0,1,27.00,1,0,0,0,0,0,1.0,3,3,3,1,0,0,2,3.00,.500
DuganDDarnellDarnellP,COL,1,0,4.50,2,0,0,0,0,1,2.0,2,1,1,0,0,2,2,2.00,.250
MichaelMDarrellHicksDarrellHicksP,LAA,0,0,0.00,1,0,0,0,0,0,1.0,0,0,0,0,0,0,2,0.00,.000
JackJDashwoodDashwoodP,LAA,0,0,16.20,2,0,0,0,0,1,1.2,2,3,3,0,2,1,2,1.80,.286
AustinADavisDavisP,SD,0,1,16.20,2,0,0,0,0,0,1.2,1,3,3,0,0,3,2,2.40,.167
NoahNDavisDavisP,BOS,0,1,9.00,1,0,0,0,0,0,2.0,2,2,2,1,0,0,2,1.00,.250
TrentonTDenholmDenholmP,CLE,0,0,0.00,1,0,0,0,0,0,1.0,0,0,0,0,0,0,2,0.00,.000
ChrisCDevenskiDevenskiP,NYM,0,1,9.00,1,0,0,0,0,0,1.0,1,1,1,1,0,0,2,1.00,.250
JakeJDiekmanDiekmanP,ATL,0,0,0.00,1,0,0,0,0,0,1.0,1,0,0,0,0,0,2,1.00,.250
JackJDreyerDreyerP,LAD,0,0,4.50,2,0,0,0,0,0,2.0,2,1,1,1,0,1,2,1.50,.250
DaneDDunningDunningP,TEX,0,0,0.00,1,0,0,0,0,0,2.0,1,0,0,0,0,0,2,0.50,.143
CarlosCDuranDuranP,LAD,0,0,0.00,1,0,0,0,0,0,1.0,0,0,0,0,0,0,2,0.00,.000
BrandonBEisertEisertP,CWS,0,0,9.00,2,0,0,0,0,0,2.0,3,2,2,0,0,0,2,1.50,.333
JoshJEknessEknessP,MIA,0,0,0.00,1,0,0,0,0,0,1.0,1,0,0,0,0,1,2,2.00,.250
BryceBElderElderP,ATL,0,0,0.00,1,0,0,0,0,0,2.0,1,0,0,0,0,0,2,0.50,.143
DietrichDEnnsEnnsP,DET,0,0,0.00,1,0,0,0,0,0,2.0,0,0,0,0,0,0,2,0.00,.000
JoseJEspadaEspadaP,SD,0,0,10.80,2,0,0,0,0,0,1.2,1,2,2,0,0,3,2,2.40,.167
LazaroLEstradaEstradaP,TOR,0,0,0.00,1,0,0,0,0,0,2.0,0,0,0,0,0,1,2,0.50,.000
JoseAJFerrerFerrerP,WSH,0,0,0.00,1,0,0,0,0,0,1.0,0,0,0,0,0,0,2,0.00,.000
DavidDFestaFestaP,MIN,0,0,0.00,1,1,0,0,0,0,2.0,1,0,0,0,0,0,2,0.50,.143
BraydonBFisherFisherP,TOR,0,0,0.00,1,0,0,0,0,0,1.0,0,0,0,0,0,0,2,0.00,.000
RichardRFittsFittsP,BOS,0,0,0.00,1,0,0,0,0,0,2.0,2,0,0,0,0,1,2,1.50,.286
MasonMFluhartyFluhartyP,TOR,0,0,0.00,1,0,0,0,0,0,1.0,1,0,0,0,0,0,2,1.00,.250
KyleKFreelandFreelandP,COL,1,0,0.00,1,1,0,0,0,0,2.0,2,0,0,0,0,0,2,1.00,.250
ShintaroSFujinamiFujinamiP,SEA,0,0,0.00,1,0,0,0,0,0,1.0,0,0,0,0,0,1,2,1.00,.000
KodyKFunderburkFunderburkP,MIN,0,0,0.00,1,0,0,0,0,0,1.0,0,0,0,0,0,0,2,0.00,.000
ZacZGallenGallenP,AZ,0,0,9.00,1,1,0,0,0,0,1.0,1,1,1,1,0,0,2,1.00,.250
JustinJGarzaGarzaP,SF,0,0,16.20,2,0,0,0,0,0,1.2,5,3,3,0,0,1,2,3.60,.500
PaulPGervaseGervaseP,TB,0,1,16.20,2,0,0,0,0,0,1.2,2,4,3,0,0,5,2,4.20,.250
GeoffreyGGilbertGilbertP,NYY,0,1,6.75,2,0,0,0,0,0,1.1,1,1,1,0,0,2,2,2.25,.200
LoganLGillaspieGillaspieP,SD,0,0,3.00,2,0,0,0,0,0,3.0,2,1,1,0,0,2,2,1.33,.200
ConnorCGillispieGillispieP,MIA,0,0,0.00,2,0,0,0,0,0,2.0,0,0,0,0,0,1,2,0.50,.000
KevinKGinkelGinkelP,AZ,0,0,0.00,1,0,0,0,0,0,1.0,0,0,0,0,0,0,2,0.00,.000
TylerTGlasnowGlasnowP,LAD,0,1,18.00,1,1,0,0,0,0,1.0,3,2,2,0,0,0,2,3.00,.600
TonyTGonsolinGonsolinP,LAD,0,0,0.00,1,1,0,0,0,0,1.0,1,0,0,0,0,0,2,1.00,.250
TannerTGordonGordonP,COL,0,0,0.00,1,0,0,0,0,0,1.2,1,0,0,0,0,2,2,1.80,.167
TysonTGuerreroGuerreroP,KC,0,0,0.00,1,0,0,0,0,0,2.0,0,0,0,0,0,0,2,0.00,.000
JustinJHagenmanHagenmanP,NYM,0,0,0.00,1,0,0,0,0,0,2.0,1,0,0,0,0,0,2,0.50,.143
EmersonEHancockHancockP,SEA,0,0,5.40,1,1,0,0,0,0,1.2,3,1,1,0,0,0,2,1.80,.375
TysonTHardinHardinP,MIL,0,0,0.00,1,0,0,0,0,0,1.0,0,0,0,0,0,3,2,3.00,.000
HoganHHarrisHarrisP,ATH,0,0,0.00,1,0,0,0,0,0,2.0,1,0,0,0,0,3,2,2.00,.143
GeoffGHartliebHartliebP,NYY,0,0,0.00,1,0,0,0,0,0,1.0,0,0,0,0,0,1,2,1.00,.000
GrantGHartwigHartwigP,NYM,0,0,0.00,1,0,0,0,0,0,1.0,0,0,0,0,0,0,2,0.00,.000
JonathanJHeasleyHeasleyP,CWS,0,0,0.00,1,0,0,0,0,0,1.0,1,0,0,0,0,1,2,2.00,.250
ClayCHelveyHelveyP,WSH,0,0,0.00,2,0,0,0,0,0,2.0,0,0,0,0,0,3,2,1.50,.000
LoganLHendersonHendersonP,MIL,0,0,0.00,1,0,0,0,0,0,1.0,2,0,0,0,0,0,2,2.00,.400
JohnJHolobetzHolobetzP,MIL,0,0,27.00,1,0,0,0,0,0,1.0,2,3,3,1,0,1,2,3.00,.400
BryanBHudsonHudsonP,MIL,0,0,0.00,1,0,0,0,0,0,1.0,1,0,0,0,0,0,2,1.00,.250
BrandonBHughesHughesP,CHC,0,0,0.00,1,0,0,0,0,0,1.0,1,0,0,0,0,1,2,2.00,.200
TylerTJayJayP,MIL,0,0,18.00,1,0,0,0,0,0,1.0,3,2,2,0,0,1,2,4.00,.500
RyanRJenningsJenningsP,TOR,1,0,0.00,1,0,0,0,0,0,2.0,2,0,0,0,1,0,2,1.00,.250
AntonioAJimenezJimenezP,SF,0,0,0.00,1,0,0,0,0,0,1.0,0,0,0,0,0,0,2,0.00,.000
JimmyJJoyceJoyceP,SEA,0,1,13.50,1,0,0,0,0,1,0.2,3,2,1,0,0,0,2,4.50,.600
TylerTKinleyKinleyP,COL,0,0,0.00,1,0,0,0,0,0,1.0,0,0,0,0,0,0,2,0.00,.000
AustinAKitchenKitchenP,SEA,0,0,0.00,2,0,0,0,0,0,2.0,0,0,0,0,0,0,2,0.00,.000
JaredJKoenigKoenigP,MIL,0,0,9.00,1,0,0,0,0,0,1.0,1,1,1,1,0,1,2,2.00,.250
StephenSKolekKolekP,SD,0,0,0.00,1,1,0,0,0,0,2.0,2,0,0,0,0,0,2,1.00,.250
RonanRKoppKoppP,LAD,0,0,5.40,2,0,0,0,0,0,1.2,1,1,1,0,0,4,2,3.00,.200
BenBKudrnaKudrnaP,KC,0,0,0.00,1,0,0,0,0,0,2.0,3,0,0,0,0,0,2,1.50,.333
JoelJKuhnelKuhnelP,PHI,0,0,10.80,2,0,0,0,0,0,1.2,3,2,2,0,0,1,2,2.40,.375
AndryALaraLaraP,WSH,0,0,0.00,1,0,0,0,0,0,1.0,1,0,0,0,0,0,2,1.00,.250
JohnathanJLavalleeLavalleeP,TOR,0,0,0.00,1,0,0,0,0,0,1.1,1,0,0,0,0,1,2,1.50,.200
CodyCLawerysonLawerysonP,MIN,0,0,0.00,1,0,0,0,1,1,1.0,0,0,0,0,0,0,2,0.00,.000
ChaseCLeeLeeP,DET,0,0,4.50,2,0,0,0,0,0,2.0,3,1,1,1,0,0,2,1.50,.333
JackJLeftwichLeftwichP,CLE,0,0,0.00,1,0,0,0,0,0,1.0,0,0,0,0,0,1,2,1.00,.000
JacobJLopezLopezP,ATH,0,0,0.00,1,0,0,0,0,0,2.0,0,0,0,0,0,1,2,0.50,.000
RyanRLoutosLoutosP,STL,0,0,0.00,1,0,0,0,0,0,1.0,1,0,0,0,0,0,2,1.00,.250
SethSLugoLugoP,KC,1,0,13.50,1,1,0,0,0,0,2.0,4,3,3,1,0,0,2,2.00,.400
DanielDLynchIVLynchP,KC,0,0,0.00,1,1,0,0,0,0,2.0,2,0,0,0,0,0,2,1.00,.250
ReynaldoRLpezLpezP,ATL,0,0,0.00,1,1,0,0,0,0,2.0,1,0,0,0,0,1,2,1.00,.143
TylerTMahleMahleP,TEX,0,1,9.00,1,1,0,0,0,0,2.0,4,2,2,1,0,0,2,2.00,.400
MattMManningManningP,DET,0,0,20.25,1,0,0,0,0,0,1.1,3,3,3,0,0,4,2,5.25,.429
DavisDMartinMartinP,CWS,0,0,0.00,1,1,0,0,0,0,2.0,1,0,0,0,0,0,2,0.50,.143
RileyRMartinMartinP,CHC,1,0,0.00,1,0,0,0,0,0,1.0,1,0,0,0,0,0,2,1.00,.250
ZebbyZMatthewsMatthewsP,MIN,0,0,0.00,1,1,0,0,0,0,2.0,1,0,0,0,0,0,2,0.50,.143
DarrenDMcCaughanMcCaughanP,MIN,0,0,4.50,1,0,0,0,0,1,2.0,3,1,1,0,0,0,2,1.50,.375
GriffGMcGarryMcGarryP,PHI,0,0,9.00,1,0,0,0,0,0,1.0,2,1,1,0,0,0,2,2.00,.400
ScottSMcGoughMcGoughP,AZ,0,0,18.00,1,0,0,0,0,0,1.0,3,2,2,0,0,1,2,4.00,.500
JulianJMerryweatherMerryweatherP,CHC,0,0,0.00,2,0,0,0,0,0,2.0,1,0,0,0,0,1,2,1.00,.143
LuisLMeyMeyP,CIN,0,0,0.00,1,0,0,0,0,0,1.0,1,0,0,0,1,0,2,1.00,.250
AndrewAMisiaszekMisiaszekP,CLE,0,0,0.00,1,0,0,0,0,0,1.0,1,0,0,0,0,2,2,3.00,.250
BrockBMooreMooreP,SEA,0,0,27.00,1,0,0,0,0,0,0.2,0,2,2,0,1,2,2,3.00,.000
PennPMurfeeMurfeeP,CWS,0,0,0.00,1,0,0,0,0,0,1.0,0,0,0,0,0,0,2,0.00,.000
GermnGMrquezMrquezP,COL,0,0,0.00,1,1,0,0,0,0,2.0,0,0,0,0,0,2,2,1.00,.000
BrandonBNeeckNeeckP,LAD,0,0,0.00,1,0,0,0,0,0,1.0,1,0,0,0,0,2,2,3.00,.250
BradenBNettNettP,SD,0,0,13.50,1,1,0,0,0,0,2.0,2,3,3,0,2,1,2,1.50,.286
DougDNikhazyNikhazyP,CLE,0,0,0.00,1,0,0,0,0,0,2.0,0,0,0,0,0,0,2,0.00,.000
VinnyVNittoliNittoliP,MIL,0,0,4.50,2,0,0,0,0,0,2.0,2,1,1,0,1,0,2,1.00,.250
RyanROchOchP,SD,0,0,0.00,2,0,0,0,0,0,2.0,1,0,0,0,0,0,2,0.50,.143
StevenSOkertOkertP,HOU,0,0,0.00,1,0,0,0,0,0,1.0,0,0,0,0,0,0,2,0.00,.000
HelcrisHOlivarezOlivarezP,SF,0,0,0.00,1,0,0,0,0,0,1.0,0,0,0,0,0,0,2,0.00,.000
RobinsonROrtizOrtizP,LAD,0,0,4.50,2,0,0,0,0,0,2.0,0,1,1,0,0,2,2,1.00,.000
DanielDPalenciaPalenciaP,CHC,0,0,9.00,2,0,0,0,0,0,2.0,2,2,2,0,0,1,2,1.50,.286
JoelJPegueroPegueroP,SF,0,0,0.00,1,0,0,0,0,0,1.0,1,0,0,0,0,0,2,1.00,.250
FrancisFPenaPenaP,SD,0,0,4.50,2,0,0,0,0,0,2.0,2,1,1,1,0,1,2,1.50,.250
LuisLPeraltaPeraltaP,COL,0,0,0.00,1,0,0,0,0,0,1.0,0,0,0,0,0,0,2,0.00,.000
JackJPerkinsPerkinsP,ATH,0,0,0.00,1,0,0,0,0,0,2.0,0,0,0,0,0,1,2,0.50,.000
AndersonAPilarPilarP,ATL,0,0,13.50,1,0,0,0,0,0,0.2,2,1,1,0,0,0,2,3.00,.500
ColinCPochePocheP,WSH,1,0,27.00,1,0,0,0,0,1,1.0,4,3,3,1,0,2,2,6.00,.571
DrewDPomeranzPomeranzP,SEA,0,0,0.00,2,0,0,0,0,0,2.0,2,0,0,0,0,0,2,1.00,.250
MichaelMProseckyProseckyP,COL,0,0,0.00,1,0,0,0,0,0,1.0,0,0,0,0,0,0,2,0.00,.000
AJAPukPukP,AZ,0,0,0.00,1,0,0,0,0,0,1.0,0,0,0,0,0,0,2,0.00,.000
MattMPushardPushardP,MIA,0,0,0.00,2,0,0,0,1,1,2.0,0,0,0,0,0,0,2,0.00,.000
ColeCRagansRagansP,KC,0,0,0.00,1,1,0,0,0,0,2.0,2,0,0,0,0,1,2,1.50,.286
MaxMRajcicRajcicP,STL,0,0,4.50,1,0,0,0,0,1,2.0,2,1,1,0,0,1,2,1.50,.286
YohanYRamrezRamrezP,PIT,0,0,0.00,1,0,0,0,0,0,1.0,0,0,0,0,0,1,2,1.00,.000
TaylorTRashiRashiP,AZ,0,0,4.50,2,0,0,0,0,1,2.0,2,1,1,0,0,0,2,1.00,.250
EricEReyzelmanReyzelmanP,NYY,0,0,9.00,1,0,0,0,0,0,1.0,2,1,1,0,0,0,2,2.00,.400
EthanERobertsRobertsP,CHC,0,0,0.00,1,0,0,0,0,0,1.0,1,0,0,0,0,1,2,2.00,.250
YarielYRodrguezRodriguezP,TOR,0,0,13.50,1,1,0,0,0,0,1.1,3,2,2,0,0,2,2,3.75,.429
RandyRRodrguezRodrguezP,SF,0,0,0.00,1,0,0,0,0,0,1.0,0,0,0,0,0,0,2,0.00,.000
TaylorTRogersRogersP,CIN,0,0,0.00,1,0,0,0,0,0,1.0,2,0,0,0,0,0,2,2.00,.400
RyanRRolisonRolisonP,COL,0,0,0.00,1,0,0,0,0,0,2.0,0,0,0,0,0,0,2,0.00,.000
EnnyERomeroRomeroP,SF,0,0,0.00,1,0,0,0,0,0,1.0,1,0,0,0,0,0,2,1.00,.250
TonyTSantillanSantillanP,CIN,0,0,0.00,1,0,0,0,0,0,1.0,1,0,0,0,0,1,2,2.00,.250
FrankieFScalzoJrScalzoP,CHC,0,0,4.50,2,0,0,0,0,0,2.0,1,1,1,0,0,2,2,1.50,.143
CamCSchlittlerSchlittlerP,NYY,0,0,0.00,1,0,0,0,0,0,2.0,1,0,0,0,0,1,2,1.00,.143
WillWSchombergSchombergP,MIA,0,0,0.00,1,0,0,0,0,0,1.0,1,0,0,0,0,1,2,2.00,.250
SpencerSSchwellenbachSchwellenbachP,ATL,0,0,0.00,1,1,0,0,0,0,2.0,1,0,0,0,0,0,2,0.50,.143
TannerTanScottScottP,LAD,0,0,18.00,1,0,0,0,0,0,1.0,1,2,2,1,1,1,2,2.00,.250
AntonioASenzatelaSenzatelaP,COL,0,0,0.00,1,0,0,0,0,0,2.0,0,0,0,0,0,0,2,0.00,.000
CarsonCSeymourSeymourP,SF,0,0,9.00,1,0,0,0,0,0,2.0,4,2,2,0,0,0,2,2.00,.400
BryanBShawShawP,CIN,1,0,0.00,1,0,0,0,0,0,1.0,0,0,0,0,0,1,2,1.00,.000
ChasenCShreveShreveP,ATL,0,0,0.00,1,0,0,0,0,0,1.0,0,0,0,0,0,0,2,0.00,.000
AnthonyASimonelliSimonelliP,KC,0,0,0.00,2,0,0,0,1,1,2.0,2,0,0,0,0,1,2,1.50,.286
CollinCSniderSniderP,SEA,0,0,18.00,1,0,0,0,0,0,1.0,2,2,2,2,0,0,2,2.00,.333
GregoryGSotoSotoP,BAL,0,0,18.00,1,0,0,0,0,0,1.0,3,2,2,0,0,0,2,3.00,.500
GabeGSpeierSpeierP,SEA,1,0,9.00,1,0,0,0,0,0,1.0,2,1,1,0,0,0,2,2.00,.500
JeffreyJSpringsSpringsP,ATH,0,0,0.00,1,1,0,0,0,0,2.0,2,0,0,0,0,0,2,1.00,.286
JoshJStaumontStaumontP,CIN,0,0,0.00,1,0,0,0,0,0,1.0,0,0,0,0,0,1,2,1.00,.000
JustinJSternerSternerP,ATH,0,0,0.00,2,0,0,0,0,0,1.1,3,0,0,0,0,0,2,2.25,.500
RobertRStockStockP,BOS,0,0,13.50,2,0,0,0,0,0,2.0,3,3,3,0,0,2,2,2.50,.333
KadeKStrowdStrowdP,BAL,0,0,0.00,1,0,0,0,0,0,1.0,0,0,0,0,0,2,2,2.00,.000
MitchellMStumpoStumpoP,AZ,0,0,0.00,1,0,0,0,0,0,1.0,0,0,0,0,0,0,2,0.00,.000
JosJSuarezSuarezP,LAA,0,0,4.50,1,0,0,0,0,0,2.0,2,1,1,1,0,0,2,1.00,.250
RyanRSubletteSubletteP,LAD,1,0,0.00,2,0,0,0,0,0,1.1,1,0,0,0,0,0,2,0.75,.200
JarlinJSusanaSusanaP,WSH,0,0,0.00,1,0,0,0,0,0,1.0,1,0,0,0,0,2,2,3.00,.250
BrentBSuterSuterP,CIN,0,0,0.00,1,0,0,0,0,0,1.0,1,0,0,0,0,0,2,1.00,.250
JamesonJTaillonTaillonP,CHC,0,0,4.50,1,1,0,0,0,0,2.0,2,1,1,1,0,0,2,1.00,.250
MisaelMTamarezTamarezP,HOU,0,0,0.00,1,0,0,0,0,0,1.0,0,0,0,0,0,0,2,0.00,.000
CalebCThielbarThielbarP,CHC,0,0,18.00,1,0,0,0,0,0,1.0,2,2,2,1,0,1,2,3.00,.400
AndersATolhurstTolhurstP,TOR,1,0,4.50,1,0,0,0,0,1,2.0,4,1,1,1,0,0,2,2.00,.400
MichaelMTonkinTonkinP,MIN,0,0,13.50,2,0,0,0,0,1,2.0,4,3,3,1,0,1,2,2.50,.400
JustinJTopaTopaP,MIN,0,0,4.50,2,0,0,0,0,0,2.0,4,1,1,0,0,0,2,2.00,.400
CayneCUeckertUeckertP,CHC,0,0,0.00,2,0,0,0,0,0,1.1,1,0,0,0,0,0,2,0.75,.250
MiguelMUllolaUllolaP,HOU,0,0,0.00,1,0,0,0,0,0,1.0,0,0,0,0,0,2,2,2.00,.000
GusGVarlandVarlandP,CWS,0,0,18.00,1,0,0,0,0,0,1.0,2,2,2,0,0,2,2,4.00,.400
AnthonyAVenezianoVenezianoP,MIA,0,0,0.00,2,0,0,0,0,0,2.0,0,0,0,0,0,1,2,0.50,.000
AustinAVernonVernonP,TB,0,0,0.00,1,0,0,0,0,0,1.0,0,0,0,0,0,1,2,1.00,.000
RandyRVsquezVsquezP,SD,0,0,4.50,1,1,0,0,0,0,2.0,5,1,1,0,0,0,2,2.50,.500
MattMWaldronWaldronP,SD,1,0,4.50,1,1,0,0,0,0,2.0,2,1,1,0,0,0,2,1.00,.250
JacobJWallaceWallaceP,KC,0,0,0.00,1,0,0,0,1,1,1.0,0,0,0,0,0,1,2,1.00,.000
AustinAWarrenWarrenP,NYM,0,0,9.00,2,0,0,0,0,0,2.0,1,2,2,1,0,2,2,1.50,.167
GregGWeissertWeissertP,BOS,0,0,0.00,1,0,0,0,0,0,1.0,0,0,0,0,0,1,2,1.00,.000
BrendanBWhiteWhiteP,DET,0,0,0.00,1,0,0,0,0,0,1.0,0,0,0,0,0,0,2,0.00,.000
ForrestFWhitleyWhitleyP,HOU,0,0,0.00,1,0,0,0,0,0,1.0,0,0,0,0,0,0,2,0.00,.000
JordanJWicksWicksP,CHC,0,0,0.00,1,1,0,0,0,0,2.0,3,0,0,0,0,0,2,1.50,.333
ColeCWilcoxWilcoxP,TB,0,0,0.00,1,0,0,0,0,0,1.0,0,0,0,0,0,0,2,0.00,.000
AmosAWillinghamWillinghamP,ATL,0,0,0.00,1,0,0,0,0,0,1.0,0,0,0,0,0,0,2,0.00,.000
JoshJWinckowskiWinckowskiP,BOS,0,0,18.00,1,0,0,0,0,0,1.0,3,2,2,0,0,0,2,3.00,.500
JadenJWoodsWoodsP,PIT,0,0,18.00,1,0,0,0,0,0,1.0,1,2,2,1,0,2,2,3.00,.250
JustinJWrobleskiWrobleskiP,LAD,0,0,6.00,2,0,0,0,0,0,3.0,3,2,2,1,0,0,2,1.00,.250
YoshinobuYYamamotoYamamotoP,LAD,0,0,0.00,1,1,0,0,0,0,1.2,3,0,0,0,0,0,2,1.80,.375
CraigCYohoYohoP,MIL,0,0,0.00,1,0,0,0,0,0,1.0,1,0,0,0,0,0,2,1.00,.250
AlexAYoungYoungP,CIN,0,0,0.00,1,0,0,0,0,0,1.0,1,0,0,0,0,0,2,1.00,.250
BrandonBYoungYoungP,BAL,0,0,0.00,1,0,0,0,0,0,2.0,2,0,0,0,0,0,2,1.00,.286
YosverYZuluetaZuluetaP,CIN,0,0,27.00,1,0,0,0,0,0,1.0,2,3,3,1,0,1,2,3.00,.400
DaisonDAcostaAcostaP,WSH,0,0,27.00,1,0,0,0,0,0,1.0,1,3,3,1,0,2,1,3.00,.250
JoseJAdamesAdamesP,BOS,0,0,0.00,1,0,0,0,0,0,0.1,0,0,0,0,1,0,1,0.00,.000
SandySAlcantaraAlcantaraP,MIA,0,0,0.00,1,1,0,0,0,0,1.0,1,0,0,0,0,0,1,1.00,.250
PeytonPAlfordAlfordP,SEA,0,0,81.00,1,0,0,0,0,1,0.1,2,3,3,0,0,2,1,12.00,.667
LoganLAllenAllenP,CLE,0,0,4.50,1,0,0,0,0,1,2.0,1,1,1,1,0,0,1,0.50,.143
GrantGAndersonAndersonP,MIL,0,0,40.50,1,0,0,0,0,0,0.2,2,3,3,0,0,2,1,6.00,.500
IanIAndersonAndersonP,ATL,0,1,5.40,1,1,0,0,0,0,1.2,1,1,1,0,0,3,1,2.40,.167
JackJAndersonAndersonP,BOS,0,0,0.00,1,0,0,0,0,0,0.2,2,0,0,0,0,0,1,3.00,.500
NickNAndersonAndersonP,STL,0,0,9.00,1,0,0,0,0,0,1.0,1,1,1,1,0,0,1,1.00,.250
RomanRAngeloAngeloP,AZ,0,0,27.00,1,0,0,0,0,0,1.0,2,3,3,0,0,4,1,6.00,.400
LuarbertLAriasAriasP,MIA,0,1,47.25,2,0,0,0,0,1,1.1,4,8,7,1,1,5,1,6.75,.500
MichaelMAriasAriasP,NYY,0,0,0.00,1,0,0,0,0,0,1.0,1,0,0,0,0,0,1,1.00,.250
JustinJArmbruesterArmbruesterP,BAL,0,0,0.00,1,0,0,0,0,0,1.0,0,0,0,0,0,0,1,0.00,.000
AaronAAshbyAshbyP,MIL,0,1,54.00,1,1,0,0,0,0,0.2,3,4,4,0,0,2,1,7.50,.600
GrahamGAshcraftAshcraftP,CIN,0,0,0.00,1,1,0,0,0,0,2.0,1,0,0,0,0,0,1,0.50,.143
KeyshawnKAskewAskewP,TB,0,0,0.00,2,0,0,0,0,0,2.0,1,0,0,0,0,2,1,1.50,.143
LakeLBacharBacharP,MIA,0,0,4.50,2,0,0,0,0,0,2.0,1,1,1,0,1,1,1,1.00,.167
HenryHBaezBaezP,SD,0,0,0.00,1,0,0,0,0,0,0.2,1,0,0,0,0,2,1,4.50,.333
AlecABakerBakerP,AZ,0,0,27.00,1,0,0,0,0,0,0.2,3,2,2,0,0,0,1,4.50,.750
BryanBBakerBakerP,BAL,0,0,0.00,2,0,0,0,1,1,2.0,0,0,0,0,0,0,1,0.00,.000
ScottSBarlowBarlowP,CIN,0,0,0.00,1,0,0,0,0,0,1.0,0,0,0,0,0,0,1,0.00,.000
MasonMBarnettBarnettP,ATH,0,0,0.00,1,0,0,0,0,0,1.0,0,0,0,0,0,2,1,2.00,.000
EduardEBazardoBazardoP,SEA,0,0,0.00,1,0,0,0,0,0,1.0,1,0,0,0,0,1,1,2.00,.250
AndrewABechtoldBechtoldP,PHI,0,0,0.00,1,0,0,0,0,0,0.1,0,0,0,0,0,1,1,3.00,.000
TristanTBeckBeckP,SF,0,0,9.00,1,0,0,0,0,0,2.0,4,2,2,0,0,1,1,2.50,.400
IanIBedellBedellP,STL,0,1,9.00,1,0,0,0,0,0,1.0,1,1,1,0,0,2,1,3.00,.250
DavidDBednarBednarP,PIT,0,0,9.00,1,0,0,0,0,0,1.0,2,1,1,0,0,0,1,2.00,.400
PrelanderPBerroaBerroaP,CWS,0,0,54.00,1,0,0,0,0,0,0.1,3,2,2,1,0,1,1,12.00,.750
JakeJBirdBirdP,COL,0,0,0.00,1,0,0,0,0,0,1.0,0,0,0,0,0,1,1,1.00,.000
RonelRBlancoBlancoP,HOU,0,0,20.25,1,1,0,0,0,0,1.1,5,3,3,1,0,0,1,3.75,.556
ScottSBlewettBlewettP,MIN,0,0,0.00,1,0,0,0,0,0,1.0,0,0,0,0,0,1,1,1.00,.000
GageGBoehmBoehmP,SEA,0,0,0.00,1,0,0,0,0,0,1.0,0,0,0,0,1,0,1,0.00,.000
RodneyRBooneBooneP,CLE,0,0,0.00,1,0,0,0,0,0,1.0,0,0,0,0,0,0,1,0.00,.000
RyanRBoruckiBoruckiP,PIT,0,0,0.00,1,0,0,0,0,0,1.0,0,0,0,0,0,3,1,3.00,.000
CalebCBoushleyBoushleyP,TEX,0,0,18.00,1,0,0,0,0,0,1.0,3,3,2,0,0,1,1,4.00,.500
RyanRBrasierBrasierP,CHC,0,0,0.00,1,0,0,0,0,0,1.0,0,0,0,0,0,0,1,0.00,.000
JeffJBrighamBrighamP,AZ,0,0,0.00,2,0,0,0,0,0,2.0,1,0,0,0,0,0,1,0.50,.143
JhonyJBritoBritoP,SD,0,0,0.00,1,0,0,0,0,0,1.0,0,0,0,0,0,0,1,0.00,.000
ConnorCBrogdonBrogdonP,LAA,0,0,40.50,1,0,0,0,0,0,0.2,3,3,3,2,0,1,1,6.00,.600
ZachZBrzykcyBrzykcyP,WSH,0,0,27.00,1,0,0,0,0,0,0.2,2,2,2,1,0,2,1,6.00,.500
GarrettGBurhennBurhennP,DET,0,0,0.00,1,0,0,0,0,0,1.0,1,0,0,0,0,0,1,1.00,.250
BrockBBurkeBurkeP,LAA,0,0,0.00,1,0,0,0,0,0,1.0,0,0,0,0,0,1,1,1.00,.000
MikeMBurrowsBurrowsP,PIT,0,0,0.00,1,0,0,0,0,0,1.0,0,0,0,0,0,1,1,1.00,.000
AlanABusenitzBusenitzP,CIN,0,1,40.50,1,0,0,0,0,1,0.2,3,3,3,1,0,0,1,4.50,.600
JoseJCabreraCabreraP,AZ,0,1,27.00,1,0,0,0,0,0,1.0,2,3,3,1,0,1,1,3.00,.400
NoahNCameronCameronP,KC,0,0,0.00,1,0,0,0,0,0,2.0,1,0,0,0,0,0,1,0.50,.167
YennierYCanoCanoP,BAL,1,0,0.00,1,0,0,0,0,0,1.0,0,0,0,0,0,0,1,0.00,.000
MattMCanterinoCanterinoP,MIN,0,0,0.00,1,0,0,0,0,0,1.0,0,0,0,0,0,3,1,3.00,.000
JuanJCarelaCarelaP,CWS,0,0,0.00,1,0,0,0,0,0,1.0,0,0,0,0,1,0,1,0.00,.000
CarlosCCarrascoCarrascoP,NYY,0,0,4.50,1,1,0,0,0,0,2.0,2,1,1,1,1,0,1,1.00,.250
BenBCaspariusCaspariusP,LAD,0,0,7.71,2,0,0,0,0,0,2.1,3,2,2,1,0,1,1,1.71,.333
LuisFLCastilloCastilloP,SEA,0,0,27.00,1,0,0,0,0,0,0.2,3,2,2,0,0,1,1,6.00,.600
LuisLCastilloCastilloP,SEA,1,0,0.00,1,1,0,0,0,0,1.2,2,1,0,0,0,1,1,1.80,.222
KervinKCastroCastroP,NYY,0,0,0.00,1,0,0,0,0,0,1.0,2,0,0,0,0,1,1,3.00,.500
ManuelMCastroCastroP,SD,0,0,0.00,1,0,0,0,0,0,0.1,0,0,0,0,0,0,1,0.00,.000
YordinYChalasChalasP,AZ,0,1,0.00,1,0,0,0,0,0,1.0,1,1,0,0,0,0,1,1.00,.250
BubbaRChandlerChandlerP,PIT,0,0,9.00,1,0,0,0,0,0,1.0,1,1,1,0,0,1,1,2.00,.333
JTJChargoisChargoisP,TEX,0,0,0.00,1,0,0,0,0,0,1.0,1,0,0,0,0,0,1,1.00,.250
JesseJChavezChavezP,TEX,0,0,0.00,1,0,0,0,0,0,1.0,1,0,0,0,0,0,1,1.00,.250
WillMChildersChildersP,MIL,0,0,0.00,1,0,0,0,0,0,1.0,0,0,0,0,0,1,1,1.00,.000
HaroldHChirinoChirinoP,SD,0,0,0.00,2,0,0,0,0,0,2.0,1,0,0,0,0,0,1,0.50,.167
MarcMChurchChurchP,TEX,0,0,18.00,1,0,0,0,0,0,1.0,2,2,2,0,0,1,1,3.00,.500
TaylorTClarkeClarkeP,KC,0,0,0.00,2,0,0,0,0,0,2.0,1,0,0,0,0,1,1,1.00,.167
NolanNClenneyClenneyP,CHC,0,0,0.00,1,0,0,0,0,0,0.1,0,0,0,0,0,0,1,0.00,.000
DylanDColemanColemanP,BAL,0,0,18.00,1,0,0,0,0,0,1.0,2,2,2,1,0,2,1,4.00,.500
BillyWCorcoranCorcoranP,AZ,0,0,18.00,1,0,0,0,0,0,1.0,1,2,2,1,0,1,1,2.00,.250
ChrisCCortezCortezP,LAA,0,0,40.50,1,0,0,0,0,0,0.2,2,3,3,0,1,2,1,6.00,.500
NabilNCrismattCrismattP,PHI,0,0,0.00,1,1,0,0,0,0,2.0,1,0,0,0,0,0,1,0.50,.143
OmarOCruzCruzP,SD,0,0,0.00,2,0,0,0,0,0,3.0,3,0,0,0,0,0,1,1.00,.273
JoseJCuasCuasP,PHI,0,0,13.50,2,0,0,0,1,1,2.0,3,3,3,0,2,0,1,1.50,.375
LuisLCurveloCurveloP,TEX,0,1,9.00,1,0,0,0,0,0,1.0,0,1,1,0,0,2,1,2.00,.000
CadenCDanaDanaP,LAA,0,0,16.20,1,0,0,0,0,1,1.2,3,3,3,0,1,2,1,3.00,.429
DavisDDanielDanielP,ATL,0,0,0.00,1,0,0,0,1,1,2.0,0,0,0,0,0,1,1,0.50,.000
AaronADavenportDavenportP,CLE,0,0,0.00,1,0,0,0,0,0,1.0,1,0,0,0,0,0,1,1.00,.250
YerryYDeLosSantosDeLosSantosP,NYY,0,0,0.00,1,0,0,0,0,0,1.0,0,0,0,0,0,0,1,0.00,.000
MiguelMDelPozoDelPozoP,SF,0,0,0.00,1,0,0,0,1,1,1.0,1,0,0,0,0,0,1,1.00,.250
ReidRDetmersDetmersP,LAA,0,1,9.00,1,1,0,0,0,0,2.0,3,2,2,0,0,0,1,1.50,.333
TreyTDombroskiDombroskiP,HOU,0,0,0.00,1,0,0,0,0,0,2.0,1,0,0,0,0,0,1,0.50,.143
SeranthonySDomnguezDomnguezP,BAL,0,0,18.00,1,0,0,0,0,0,1.0,2,2,2,1,0,1,1,3.00,.400
CamiloCDovalDovalP,SF,0,0,0.00,1,0,0,0,0,0,1.0,0,0,0,0,0,0,1,0.00,.000
TommyTDoyleDoyleP,COL,0,0,9.00,2,0,0,0,0,0,2.0,2,2,2,1,0,1,1,1.50,.286
JustinJDunnDunnP,CWS,0,0,0.00,1,0,0,0,0,0,1.0,0,0,0,0,0,1,1,1.00,.000
JhoanJDuranDuranP,MIN,0,0,0.00,2,0,0,0,0,0,2.0,0,0,0,0,0,0,1,0.00,.000
JhonathanJDazDazP,SEA,0,1,13.50,1,1,0,0,0,0,2.0,3,3,3,1,0,1,1,2.00,.333
MiguelMDazDazP,SF,0,0,0.00,2,0,0,0,0,0,1.1,0,0,0,0,0,0,1,0.00,.000
JakeJEderEderP,CWS,0,0,0.00,1,0,0,0,0,0,1.0,0,0,0,0,0,0,1,0.00,.000
MagnusMEllertsEllertsP,CLE,0,0,13.50,1,0,0,0,0,0,0.2,0,1,1,0,0,2,1,3.00,.000
NathanNEovaldiEovaldiP,TEX,0,0,9.00,1,1,0,0,0,0,2.0,2,2,2,0,1,1,1,1.50,.286
JaydennJEstanistaEstanistaP,PHI,0,0,0.00,1,0,0,0,0,0,0.1,0,0,0,0,0,0,1,0.00,.000
BuckBFarmerFarmerP,ATL,0,0,0.00,1,0,0,0,0,0,1.0,0,0,0,0,0,0,1,0.00,.000
CalebCFergusonFergusonP,PIT,0,0,0.00,1,0,0,0,0,0,2.0,0,0,0,0,0,1,1,0.50,.000
TylerTFergusonFergusonP,ATH,0,0,9.00,1,0,0,0,0,0,1.0,1,1,1,1,0,2,1,3.00,.250
JoseJFerminFerminP,LAA,0,0,0.00,1,0,0,0,0,0,1.0,0,0,0,0,0,0,1,0.00,.000
RyanRFernandezFernandezP,STL,0,0,0.00,1,0,0,0,0,0,1.0,0,0,0,0,0,1,1,1.00,.000
JulianJulFernndezFernndezP,LAD,0,1,47.25,2,0,0,0,0,1,1.1,4,7,7,0,1,3,1,5.25,.500
JoseJFleuryFleuryP,HOU,0,0,4.50,1,0,0,0,1,1,2.0,2,1,1,0,1,0,1,1.00,.250
TaylorTFloydFloydP,SEA,0,0,0.00,1,0,0,0,0,0,0.2,0,0,0,0,0,0,1,0.00,.000
MichaelMFlynnFlynnP,TB,0,0,0.00,1,0,0,0,0,0,1.0,1,0,0,0,0,0,1,1.00,.333
ZachZFogellFogellP,BOS,0,1,162.00,1,0,0,0,0,1,0.1,3,6,6,0,1,2,1,15.00,.750
CameronCFosterFosterP,NYM,0,0,4.50,1,0,0,0,0,1,2.0,2,1,1,0,0,1,1,1.50,.286
CarlosACFranciscoFranciscoP,PHI,0,0,0.00,1,0,0,0,0,0,1.0,0,0,0,0,0,1,1,1.00,.000
NickNFrassoFrassoP,LAD,0,0,0.00,1,1,0,0,0,0,1.0,0,0,0,0,0,0,1,0.00,.000
LuisLFrasFrasP,CLE,0,1,27.00,1,0,0,0,0,0,0.2,2,4,2,1,1,0,1,3.00,.333
MichaelMFulmerFulmerP,BOS,0,0,0.00,1,0,0,0,0,0,1.2,3,0,0,0,0,1,1,2.40,.429
MattMGageGageP,DET,0,0,18.00,1,0,0,0,0,0,1.0,1,2,2,1,0,2,1,3.00,.333
GiovannyGGallegosGallegosP,LAD,0,0,9.00,2,0,0,0,0,0,2.0,4,2,2,0,0,0,1,2.00,.400
DeiviDGarcaGarcaP,MIL,0,0,0.00,1,0,0,0,0,0,1.0,2,0,0,0,0,0,1,2.00,.400
LuisLGarcaGarcaP,LAD,0,1,13.50,2,0,0,0,0,0,2.0,3,3,3,1,0,0,1,1.50,.333
TristanTGarnettGarnettP,PHI,0,0,13.50,1,0,0,0,0,0,0.2,0,1,1,0,0,3,1,4.50,.000
ReedRGarrettGarrettP,NYM,0,0,0.00,1,0,0,0,0,0,1.0,0,0,0,0,0,0,1,0.00,.000
JordanJGeberGeberP,NYM,0,0,0.00,1,0,0,0,0,0,1.0,1,0,0,0,0,1,1,2.00,.250
IanIGibautGibautP,CIN,0,0,0.00,1,0,0,0,0,0,1.0,1,0,0,0,0,0,1,1.00,.250
SpencerSGiestingGiestingP,AZ,0,0,0.00,1,0,0,0,0,0,1.0,1,0,0,0,0,0,1,1.00,.333
TylerTGilbertGilbertP,CWS,0,0,0.00,1,1,0,0,0,0,2.0,1,0,0,0,0,0,1,0.50,.167
DomingoDGonzalezGonzalezP,ATL,0,0,0.00,2,0,0,0,0,0,2.0,1,0,0,0,1,2,1,1.50,.167
WikelmanWGonzalezGonzalezP,CWS,0,0,18.00,1,0,0,0,0,0,1.0,2,2,2,2,0,0,1,2.00,.400
ColtonCGordonGordonP,HOU,0,1,13.50,1,1,0,0,0,0,1.1,4,4,2,1,0,1,1,3.75,.500
AnthonyAGoseGoseP,NYM,0,0,0.00,1,0,0,0,0,0,1.0,0,0,0,0,0,0,1,0.00,.000
AndreAGranilloGranilloP,STL,0,0,0.00,1,0,0,0,0,0,0.2,2,2,0,0,0,1,1,4.50,.400
JonJGrayGrayP,TEX,1,0,0.00,1,1,0,0,0,0,2.0,0,0,0,0,0,0,1,0.00,.000
GerardoGGutierrezGutierrezP,AZ,0,0,9.00,2,0,0,0,0,1,2.0,3,2,2,1,0,0,1,1.50,.375
CarlosCGuzmanGuzmanP,NYM,0,0,6.75,1,0,0,0,0,0,1.1,1,1,1,0,0,1,1,1.50,.200
SkylarSHalesHalesP,TEX,0,0,9.00,1,0,0,0,0,0,1.0,4,2,1,0,0,0,1,4.00,.571
SethSHalvorsenHalvorsenP,COL,0,0,0.00,1,0,0,0,0,0,1.0,1,0,0,0,0,2,1,3.00,.250
DomDHamelHamelP,NYM,0,0,0.00,1,0,0,0,0,0,1.0,1,0,0,0,0,0,1,1.00,.250
DanDHammerHammerP,TB,0,0,0.00,1,0,0,0,0,0,1.0,0,0,0,0,0,1,1,1.00,.000
ThomasTHarringtonHarringtonP,PIT,0,0,0.00,1,0,0,0,0,0,1.0,1,0,0,0,0,1,1,2.00,.250
TrentTHarrisHarrisP,SF,0,0,0.00,1,0,0,0,0,0,0.2,0,0,0,0,0,0,1,0.00,.000
JackJHartmanHartmanP,TB,0,1,18.00,1,0,0,0,0,0,1.0,1,2,2,1,1,0,1,1.00,.250
DylanDHeidHeidP,BAL,0,0,36.00,1,0,0,0,0,0,1.0,3,4,4,1,0,1,1,4.00,.500
TommyTHenryHenryP,AZ,0,1,27.00,1,1,0,0,0,0,1.1,5,4,4,0,0,0,1,3.75,.625
JimmyJHergetHergetP,COL,0,0,13.50,2,0,0,0,0,1,2.0,4,3,3,1,0,0,1,2.00,.400
KevinKHergetHergetP,NYM,0,0,0.00,1,0,0,0,0,0,1.0,0,0,0,0,0,0,1,0.00,.000
JoseEJHernandezHernandezP,LAD,0,0,13.50,2,0,0,0,0,0,2.0,2,3,3,1,0,1,1,1.50,.250
NickNHernandezHernandezP,HOU,0,0,5.40,2,0,0,0,0,0,1.2,2,1,1,0,0,0,1,1.20,.286
JonathanJHernndezHernndezP,TB,0,0,5.40,2,0,0,0,0,0,1.2,1,1,1,0,0,3,1,2.40,.167
CodiCHeuerHeuerP,TEX,0,0,108.00,1,0,0,0,0,0,0.1,4,4,4,1,0,1,1,15.00,.800
JakeJHigginbothamHigginbothamP,SD,0,1,10.80,2,0,0,0,0,0,1.2,2,2,2,0,0,3,1,3.00,.333
CooperCHjerpeHjerpeP,STL,0,0,9.00,1,0,0,0,0,0,1.0,3,1,1,0,0,1,1,4.00,.500
PorterPHodgeHodgeP,CHC,0,0,0.00,2,0,0,0,0,0,2.0,0,0,0,0,0,1,1,0.50,.000
GunnarGHoglundHoglundP,ATH,0,0,0.00,1,0,0,0,0,0,1.0,0,0,0,0,0,0,1,0.00,.000
GrantGHolmesHolmesP,ATL,0,0,4.50,1,0,0,0,0,0,2.0,2,1,1,1,0,0,1,1.00,.250
BlakeBHolubHolubP,MIL,0,0,0.00,1,0,0,0,0,0,1.0,1,0,0,0,0,0,1,1.00,.250
AdrianAHouserHouserP,TEX,0,0,0.00,1,0,0,0,0,0,2.0,1,0,0,0,0,1,1,1.00,.143
JoelJHurtadoHurtadoP,LAA,0,0,0.00,1,0,0,0,1,1,0.1,0,0,0,0,0,0,1,0.00,.000
JairoJIriarteIriarteP,CWS,0,1,9.00,1,0,0,0,0,0,2.0,2,2,2,1,0,1,1,1.50,.250
GabrielGJacksonJacksonP,BOS,0,0,0.00,1,0,0,0,0,0,0.1,0,0,0,0,0,1,1,3.00,.000
JacksonJJobeJobeP,DET,0,0,9.00,1,1,0,0,0,0,2.0,1,2,2,1,0,1,1,1.00,.143
PiercePJohnsonJohnsonP,ATL,1,0,0.00,1,0,0,0,0,0,1.0,1,0,0,0,0,0,1,1.00,.333
RyanRJohnsonJohnsonP,LAA,0,0,0.00,1,0,0,0,0,0,1.0,0,0,0,0,0,0,1,0.00,.000
HaydenHJuengerJuengerP,TOR,0,0,0.00,1,0,0,0,1,1,1.0,0,0,0,0,0,1,1,1.00,.000
JansonJJunkJunkP,MIA,0,0,0.00,1,0,0,0,0,0,1.0,1,0,0,0,0,0,1,1.00,.333
JaredJKarrosKarrosP,LAD,0,0,0.00,1,0,0,0,0,0,1.0,0,0,0,0,0,0,1,0.00,.000
MitchMKellerKellerP,PIT,0,0,0.00,1,1,0,0,0,0,2.0,3,0,0,0,0,0,1,1.50,.429
BryanBKingKingP,HOU,0,0,18.00,1,0,0,0,0,0,1.0,2,2,2,0,1,2,1,4.00,.400
GrantGKippKippP,CHC,0,0,0.00,1,0,0,0,0,0,1.1,0,0,0,0,0,1,1,0.75,.000
MaxMKranickKranickP,NYM,0,0,0.00,1,1,0,0,0,0,2.0,3,0,0,0,0,0,1,1.50,.429
NickNKrauthKrauthP,TEX,0,0,0.00,1,0,0,0,0,0,0.1,0,0,0,0,0,0,1,0.00,.000
EvanEKravetzKravetzP,CIN,0,0,0.00,1,0,0,0,0,0,1.0,2,0,0,0,0,0,1,2.00,.400
AustinAKrobKrobP,SD,0,0,9.00,1,0,0,0,0,0,1.0,1,1,1,0,1,2,1,3.00,.333
ChadCKuhlKuhlP,ATL,0,0,0.00,1,0,0,0,0,0,1.0,0,0,0,0,0,0,1,0.00,.000
CaseyCLawrenceLawrenceP,SEA,0,0,0.00,1,0,0,0,0,0,1.0,1,0,0,0,0,1,1,2.00,.250
KyleKLeahyLeahyP,STL,1,0,0.00,1,0,0,0,0,0,1.0,0,0,0,0,1,1,1,1.00,.000
ErickELealLealP,NYY,0,0,9.00,1,0,0,0,0,1,2.0,1,2,2,1,0,1,1,1.00,.143
JordanJLeasureLeasureP,CWS,0,0,0.00,1,0,0,0,0,0,1.0,0,0,0,0,0,0,1,0.00,.000
JosJLeclercLeclercP,ATH,1,0,0.00,1,0,0,0,0,0,1.0,1,0,0,0,0,1,1,2.00,.250
CaseyCLeguminaLeguminaP,SEA,0,0,0.00,1,0,0,0,0,0,1.0,0,0,0,0,0,0,1,0.00,.000
JackJLeiterLeiterP,TEX,0,0,0.00,1,0,0,0,0,0,2.0,2,0,0,0,0,1,1,1.50,.286
MatthewMLiberatoreLiberatoreP,STL,0,0,0.00,1,0,0,0,0,0,2.0,0,0,0,0,0,0,1,0.00,.000
BrendonBLittleLittleP,TOR,0,0,0.00,1,0,0,0,0,0,1.0,0,0,0,0,0,0,1,0.00,.000
ChristianCLittleLittleP,SEA,0,0,0.00,1,0,0,0,0,0,1.0,0,0,0,0,0,1,1,1.00,.000
JackJLittleLittleP,LAD,0,0,27.00,1,0,0,0,0,0,1.0,4,3,3,0,0,0,1,4.00,.571
BenBLivelyLivelyP,CLE,1,0,4.50,1,1,0,0,0,0,2.0,5,1,1,0,0,1,1,3.00,.500
WyattWLunsfordShenkmanLunsfordShenkmanP,SEA,0,0,0.00,1,0,0,0,0,0,0.1,0,0,0,0,0,0,1,0.00,.000
TommyTMaceMaceP,CLE,0,0,0.00,1,0,0,0,0,0,1.0,1,0,0,0,0,0,1,1.00,.250
AnthonyAMaldonadoMaldonadoP,ATH,1,0,27.00,2,0,0,0,0,1,1.0,3,3,3,0,0,1,1,4.00,.500
JoeyJManciniManciniP,HOU,0,1,27.00,1,0,0,0,0,0,1.0,1,3,3,0,1,2,1,3.00,.250
JustinJMartinezMartinezP,AZ,0,0,0.00,1,0,0,0,0,0,1.0,0,0,0,0,0,1,1,1.00,.000
ZachZMaxwellMaxwellP,CIN,0,0,18.00,1,0,0,0,0,0,1.0,3,2,2,0,0,0,1,3.00,.500
DustinDMayMayP,LAD,0,0,0.00,1,1,0,0,0,0,1.0,1,0,0,0,1,0,1,1.00,.333
TimTMayzaMayzaP,PIT,1,0,0.00,1,0,0,0,0,0,1.0,0,0,0,0,0,0,1,0.00,.000
GarrettGMcDanielsMcDanielsP,LAA,0,0,0.00,2,0,0,0,0,0,2.0,0,0,0,0,0,0,1,0.00,.000
TrevorTMcDonaldMcDonaldP,SF,0,0,0.00,1,0,0,0,0,0,2.0,2,1,0,0,0,0,1,1.00,.250
EvanEMcKendryMcKendryP,MIL,0,0,81.00,1,0,0,0,0,0,0.2,5,6,6,0,0,1,1,9.00,.714
TristonTMcKenzieMcKenzieP,CLE,0,0,4.50,1,1,0,0,0,0,2.0,1,1,1,1,0,0,1,0.50,.143
TreyTMcLoughlinMcLoughlinP,NYM,0,0,9.00,1,0,0,0,0,0,1.0,1,1,1,0,0,0,1,1.00,.333
JohnJMcMillonMcMillonP,PHI,0,0,0.00,1,0,0,0,0,0,1.0,1,0,0,0,0,1,1,2.00,.250
VictorVMederosMederosP,LAA,0,0,0.00,1,0,0,0,0,0,1.0,0,0,0,0,0,0,1,0.00,.000
AdonisAMedinaMedinaP,SEA,0,0,0.00,1,0,0,0,0,0,1.0,0,0,0,0,0,0,1,0.00,.000
AntonioAMenendezMenendezP,TB,0,0,0.00,1,0,0,0,0,0,1.0,0,0,0,0,0,0,1,0.00,.000
JuanJMercedesMercedesP,SF,0,0,0.00,1,0,0,0,0,0,2.0,3,1,0,0,0,1,1,2.00,.375
NickNMerkelMerkelP,MIL,0,0,0.00,2,0,0,0,0,0,0.2,0,0,0,0,0,0,1,0.00,.000
RyanRMiddendorfMiddendorfP,MIL,0,0,0.00,1,0,0,0,0,0,1.0,0,0,0,0,0,0,1,0.00,.000
TysonTMillerMillerP,CHC,0,0,27.00,1,0,0,0,0,0,0.2,1,2,2,0,0,2,1,4.50,.500
WyattWMillsMillsP,BOS,0,0,5.40,1,0,0,0,0,0,1.2,1,1,1,1,0,1,1,1.20,.167
CamdenCMinacciMinacciP,LAA,0,0,0.00,1,0,0,0,0,0,1.0,1,0,0,0,0,0,1,1.00,.250
AnthonyAMisiewiczMisiewiczP,MIN,0,0,0.00,1,0,0,0,0,0,1.0,0,0,0,0,0,0,1,0.00,.000
JacobJMisiorowskiMisiorowskiP,MIL,1,0,18.00,1,1,0,0,0,0,1.0,1,2,2,0,0,3,1,4.00,.250
CarmenCMlodzinskiMlodzinskiP,PIT,0,0,9.00,1,1,0,0,0,0,2.0,4,2,2,0,0,0,1,2.00,.400
PatrickPMonteverdeMonteverdeP,MIA,0,0,0.00,1,0,0,0,0,0,1.0,0,0,0,0,1,0,1,0.00,.000
LuisLMoralesMoralesP,ATH,0,0,0.00,1,0,0,0,0,0,1.0,0,0,0,0,0,1,1,1.00,.000
AdrianAMorejonMorejonP,SD,0,0,0.00,2,0,0,0,0,0,2.0,1,0,0,0,0,0,1,0.50,.143
NoahNMurdockMurdockP,ATH,0,0,0.00,1,0,0,0,0,0,1.0,0,0,0,0,0,1,1,1.00,.000
RodderyRMuozMuozP,STL,0,0,0.00,1,0,0,0,1,1,1.0,0,0,0,0,0,0,1,0.00,.000
NickNNastriniNastriniP,CWS,0,0,0.00,1,0,0,0,0,0,2.0,2,0,0,0,0,0,1,1.00,.250
KyleKNelsonNelsonP,AZ,0,0,27.00,1,0,0,0,0,1,0.2,3,2,2,2,0,0,1,4.50,.600
KyleKNicolasNicolasP,PIT,0,0,0.00,2,0,0,0,0,1,2.0,0,1,0,0,0,3,1,1.50,.000
CruzCNoriegaNoriegaP,KC,0,0,0.00,1,0,0,0,1,1,1.0,0,0,0,0,0,0,1,0.00,.000
DanielDNunezNunezP,AZ,0,0,18.00,1,0,0,0,0,0,1.0,3,2,2,0,0,0,1,3.00,.500
EduarnielENunezNunezP,SD,0,0,0.00,2,0,0,0,0,0,2.0,1,0,0,0,0,0,1,0.50,.143
JackJOLoughlinOLoughlinP,COL,0,0,0.00,2,0,0,0,0,0,2.0,0,0,0,0,0,1,1,0.50,.000
GeraldGOgandoOgandoP,BAL,0,0,0.00,1,0,0,0,0,0,0.1,0,0,0,0,0,0,1,0.00,.000
LuisLLOrtizOrtizP,CLE,0,1,40.50,1,1,0,0,0,0,1.1,6,6,6,1,0,1,1,5.25,.600
ConnorCOvertonOvertonP,NYM,0,0,9.00,1,0,0,0,0,0,1.0,1,1,1,1,0,0,1,1.00,.250
TylerTOwensOwensP,DET,1,0,0.00,1,0,0,0,0,0,1.0,1,0,0,0,0,0,1,1.00,.250
NicholasNPadillaPadillaP,PHI,1,0,0.00,2,0,0,0,0,0,2.0,1,0,0,0,0,0,1,0.50,.143
EmilioEPagnPagnP,CIN,0,0,0.00,1,0,0,0,0,0,1.0,1,0,0,0,0,0,1,1.00,.250
ThomasTPannonePannoneP,MIL,0,0,9.00,1,0,0,0,0,0,1.0,1,1,1,1,0,0,1,1.00,.250
MitchellMParkerParkerP,WSH,0,0,0.00,1,0,0,0,0,0,1.0,0,0,0,0,0,0,1,0.00,.000
PaulshawnPPasqualottoPasqualottoP,MIN,0,0,0.00,1,0,0,0,0,0,1.0,0,0,0,0,0,0,1,0.00,.000
ChadCPatrickPatrickP,MIL,0,0,0.00,1,1,0,0,0,0,1.0,0,0,0,0,0,0,1,0.00,.000
ElvisEPegueroPegueroP,MIL,0,0,0.00,1,0,0,0,0,0,1.0,0,0,0,0,0,1,1,1.00,.000
CDCPelhamPelhamP,ATH,0,0,9.00,2,0,0,0,0,0,2.0,4,2,2,0,0,1,1,2.50,.444
WalterWPenningtonPenningtonP,TEX,0,0,0.00,1,0,0,0,0,0,1.0,1,0,0,0,0,0,1,1.00,.250
AngelAPerdomoPerdomoP,ATL,0,0,0.00,2,0,0,0,0,0,2.0,0,0,0,0,0,0,1,0.00,.000
ChaseCPettyPettyP,CIN,0,0,0.00,1,0,0,0,0,0,2.0,0,0,0,0,0,1,1,0.50,.000
ConnorCPhillipsPhillipsP,CIN,0,0,0.00,1,0,0,0,0,0,2.0,0,0,0,0,0,2,1,1.00,.000
MichaelMPlassmeyerPlassmeyerP,TEX,0,0,18.00,1,0,0,0,0,1,1.0,5,2,2,0,0,0,1,5.00,.833
ZachZPopPopP,TOR,0,0,0.00,1,0,0,0,0,0,1.0,1,0,0,0,0,1,1,2.00,.250
CodyCPoteetPoteetP,CHC,1,0,10.80,2,1,0,0,0,0,3.1,5,4,4,1,1,3,1,2.40,.357
CadeCPovichPovichP,BAL,1,0,0.00,1,1,0,0,0,0,2.0,0,0,0,0,0,0,1,0.00,.000
RyanRPresslyPresslyP,CHC,0,0,13.50,1,0,0,0,0,0,0.2,2,1,1,0,0,1,1,4.50,.500
AJAPuckettPuckettP,CHC,0,0,27.00,1,0,0,0,0,0,0.2,1,2,2,1,1,2,1,4.50,.333
AlanARangelRangelP,PHI,0,0,0.00,1,0,0,0,0,0,2.0,1,0,0,0,0,1,1,1.00,.143
DylanDRayRayP,AZ,0,0,9.00,1,0,0,0,0,0,1.0,2,1,1,0,0,0,1,2.00,.400
OrlandoORibaltaRibaltaP,WSH,0,0,0.00,1,0,0,0,0,0,1.0,0,0,0,0,0,0,1,0.00,.000
TrevorTRichardsRichardsP,CHC,0,0,0.00,1,0,0,0,0,0,1.0,1,0,0,0,0,1,1,2.00,.250
LyonLRichardsonRichardsonP,CIN,0,0,18.00,1,0,0,0,0,1,1.0,2,2,2,1,1,0,1,2.00,.400
ChristianCRoaRoaP,MIA,0,0,0.00,1,0,0,0,0,0,1.0,0,0,0,0,0,1,1,1.00,.000
JoeJRockRockP,TB,1,0,0.00,1,1,0,0,0,0,2.0,2,0,0,0,0,1,1,1.50,.286
KumarKRockerRockerP,TEX,0,1,36.00,1,1,0,0,0,0,1.0,4,4,4,0,1,0,1,4.00,.571
BrodyBRodningRodningP,HOU,0,0,0.00,1,0,0,0,0,0,1.0,1,0,0,0,0,1,1,2.00,.250
CarlosCRodriguezRodriguezP,MIL,0,0,0.00,1,1,0,0,0,0,1.0,2,0,0,0,0,0,1,2.00,.400
CarlosCRodnRodnP,NYY,0,0,10.13,1,1,0,0,0,0,2.2,5,3,3,0,0,1,1,2.25,.417
JohnJRooneyRooneyP,MIA,1,0,0.00,1,0,0,0,0,0,1.0,0,0,0,0,0,0,1,0.00,.000
AaronARozekRozekP,MIN,0,0,0.00,1,0,0,0,0,0,1.0,0,0,0,0,0,0,1,0.00,.000
JasonJRuffcornRuffcornP,SEA,0,0,0.00,1,0,0,0,0,0,0.1,0,0,0,0,0,0,1,0.00,.000
ZaneZRussellRussellP,AZ,1,0,0.00,2,0,0,0,0,0,1.1,1,0,0,0,0,2,1,2.25,.200
JacksonJRutledgeRutledgeP,WSH,0,0,18.00,1,0,0,0,0,0,1.0,0,2,2,0,0,4,1,4.00,.000
RyanRSandbergSandbergP,MIL,0,0,13.50,1,0,0,0,0,0,0.2,0,1,1,0,0,3,1,4.50,.000
ReiverRSanmartinSanmartinP,CIN,0,0,0.00,1,0,0,0,0,0,1.0,3,1,0,0,0,0,1,3.00,.500
TaylerTSaucedoSaucedoP,SEA,0,0,0.00,1,0,0,0,0,0,1.0,1,0,0,0,0,0,1,1.00,.250
ShaySSchanamanSchanamanP,ATL,0,0,0.00,1,0,0,0,0,0,0.1,0,0,0,0,0,0,1,0.00,.000
GarrettGSchoenleSchoenleP,CWS,0,0,0.00,2,0,0,0,0,0,1.2,0,0,0,0,0,0,1,0.00,.000
JohnJSchreiberSchreiberP,KC,0,0,0.00,1,0,0,0,0,0,1.0,1,0,0,0,0,0,1,1.00,.250
AustinASchulferSchulferP,PHI,0,0,9.00,2,0,0,0,0,1,2.0,4,2,2,0,0,0,1,2.00,.444
PaxtonPSchultzSchultzP,TOR,0,0,18.00,1,0,0,0,1,1,1.0,3,2,2,0,0,1,1,4.00,.500
TJTShookShookP,NYM,0,0,9.00,1,0,0,0,0,0,1.0,2,1,1,0,0,0,1,2.00,.400
AveryAShortShortP,AZ,0,0,0.00,2,0,0,0,0,0,1.0,0,0,0,0,0,1,1,1.00,.000
JaredJShusterShusterP,CWS,0,1,22.50,1,1,0,0,0,0,2.0,5,5,5,0,0,1,1,3.00,.455
ChaseCSilsethSilsethP,LAA,0,0,20.25,1,0,0,0,0,0,1.1,2,4,3,1,0,2,1,3.00,.286
JoshJSimpsonSimpsonP,MIA,0,0,18.00,1,0,0,0,0,0,1.0,1,2,2,1,0,1,1,2.00,.250
LandonLSimsSimsP,AZ,0,0,9.00,1,0,0,0,0,0,1.0,1,1,1,0,0,2,1,3.00,.250
JackJSinclairSinclairP,WSH,0,0,0.00,1,0,0,0,0,0,1.0,2,0,0,0,0,0,1,2.00,.400
ShaneSSmithSmithP,CWS,0,1,21.60,1,1,0,0,0,0,1.2,1,4,4,0,0,3,1,2.40,.200
BlakeBSnellSnellP,LAD,0,0,0.00,1,1,0,0,0,0,1.0,1,0,0,0,0,0,1,1.00,.250
JosJSorianoSorianoP,LAA,0,0,0.00,1,1,0,0,0,0,2.0,1,0,0,0,0,1,1,1.00,.167
ListherLSosaSosaP,AZ,0,0,0.00,1,0,0,0,0,0,1.0,0,0,0,0,0,1,1,1.00,.000
CarterCSpiveySpiveyP,CLE,0,0,0.00,1,0,0,0,0,0,1.0,0,0,0,0,0,0,1,0.00,.000
GarrettGStallingsStallingsP,MIL,0,0,0.00,1,0,0,0,0,0,1.0,0,0,0,0,0,1,1,1.00,.000
DaleDStanavichStanavichP,MIA,0,0,0.00,1,0,0,0,0,0,1.0,0,0,0,0,0,0,1,0.00,.000
KevinKStevensStevensP,NYY,0,0,0.00,1,0,0,0,0,0,1.0,0,0,0,0,0,0,1,0.00,.000
MarcusMStromanStromanP,NYY,1,0,0.00,1,1,0,0,0,0,1.0,2,0,0,0,0,0,1,2.00,.400
PeterPStrzeleckiStrzeleckiP,PIT,0,0,0.00,1,0,0,0,0,0,1.0,0,0,0,0,0,0,1,0.00,.000
TylerTStuartStuartP,WSH,1,0,18.00,1,0,0,0,0,1,1.0,1,2,2,0,0,1,1,2.00,.250
GrantGTaylorTaylorP,CWS,0,0,0.00,1,0,0,0,0,0,1.0,0,0,0,0,0,0,1,0.00,.000
ShaneSTelferTelferP,AZ,0,0,0.00,1,0,0,0,0,0,0.1,0,0,0,0,2,1,1,3.00,.000
ConnorCThomasThomasP,MIL,0,0,0.00,1,0,0,0,0,0,1.2,0,0,0,0,0,2,1,1.20,.000
BladeBTidwellTidwellP,NYM,0,0,13.50,1,1,0,0,0,0,2.0,4,3,3,1,0,1,1,2.50,.444
JesusJTinocoTinocoP,MIA,0,0,9.00,1,0,0,0,0,0,1.0,1,1,1,0,0,2,1,3.00,.250
BlakeBTreinenTreinenP,LAD,0,0,27.00,1,0,0,0,0,0,1.0,3,3,3,1,0,0,1,3.00,.500
KyleKTylerTylerP,PHI,0,0,0.00,1,0,0,0,0,0,2.0,2,1,0,0,0,1,1,1.50,.250
PeterPVanLoonVanLoonP,BAL,0,0,13.50,1,0,0,0,0,0,0.2,2,1,1,0,0,2,1,6.00,.500
CarlosCVargasVargasP,SEA,0,0,0.00,1,0,0,0,0,0,1.0,0,0,0,0,0,0,1,0.00,.000
AlfredAVegaVegaP,NYM,0,0,13.50,1,0,0,0,0,1,1.1,2,2,2,0,1,2,1,3.00,.333
VinceVVelasquezVelasquezP,CLE,0,0,4.50,1,0,0,0,0,0,2.0,1,1,1,0,0,3,1,2.00,.143
JustinJVerlanderVerlanderP,SF,0,0,4.50,1,1,0,0,0,0,2.0,1,1,1,1,0,1,1,1.00,.143
AlexAVesiaVesiaP,LAD,0,0,0.00,1,0,0,0,0,0,1.0,0,0,0,0,0,0,1,0.00,.000
NickNVespiVespiP,PHI,0,0,9.00,1,0,0,0,0,0,1.0,2,1,1,0,1,0,1,2.00,.400
JesseJWainscottWainscottP,SEA,1,0,0.00,1,0,0,0,0,0,0.1,0,0,0,0,0,0,1,0.00,.000
RyanRWalkerWalkerP,SF,0,0,9.00,1,0,0,0,0,0,1.0,2,1,1,0,0,0,1,2.00,.500
BlakeBWalstonWalstonP,AZ,0,0,0.00,1,0,0,0,0,0,2.0,1,0,0,0,0,2,1,1.50,.200
BrandonBWalterWalterP,HOU,0,0,9.00,1,0,0,0,0,0,1.0,2,1,1,0,0,1,1,3.00,.500
AndrewAWaltersWaltersP,CLE,0,1,81.00,1,0,0,0,0,0,0.1,1,3,3,0,0,2,1,9.00,.500
SamSWeatherlyWeatherlyP,COL,0,0,0.00,1,0,0,0,0,0,1.0,0,0,0,0,1,1,1,1.00,.000
JacobJWebbWebbP,TEX,0,0,9.00,1,0,0,0,0,0,1.0,1,1,1,0,0,1,1,2.00,.250
LoganLWebbWebbP,SF,0,0,0.00,1,1,0,0,0,0,2.0,0,0,0,0,0,0,1,0.00,.000
BlakeBWeimanWeimanP,HOU,0,0,18.00,1,0,0,0,0,0,1.0,3,2,2,0,0,0,1,3.00,.600
ZackZWeissWeissP,STL,0,0,0.00,1,0,0,0,0,0,0.1,0,0,0,0,0,0,1,0.00,.000
JBJWendelkenWendelkenP,SD,0,1,67.50,1,0,0,0,0,0,0.2,4,5,5,1,0,1,1,7.50,.667
NathanNWilesWilesP,TB,0,0,9.00,1,0,0,0,1,1,1.0,2,1,1,0,0,0,1,2.00,.400
TrevorTWilliamsWilliamsP,WSH,0,0,9.00,1,1,0,0,0,0,2.0,1,2,2,1,0,1,1,1.00,.143
StevenSWilsonWilsonP,CWS,0,0,0.00,1,0,0,0,0,0,1.0,0,0,0,0,0,1,1,1.00,.000
AllanAWinansWinansP,NYY,0,0,4.50,1,0,0,0,0,0,2.0,1,1,1,1,0,0,1,0.50,.143
JoshJWinderWinderP,AZ,0,0,10.80,1,0,0,0,0,0,1.2,2,2,2,1,0,2,1,2.40,.333
ColeCWinnWinnP,TEX,0,0,0.00,1,0,0,0,0,0,1.0,0,0,0,0,0,1,1,1.00,.000
GrantGWolframWolframP,MIL,0,0,0.00,1,0,0,0,0,0,1.0,1,0,0,0,0,1,1,2.00,.250
RandyRWynneWynneP,CIN,0,0,0.00,1,0,0,0,0,0,1.0,0,0,0,0,0,1,1,1.00,.000
KirbyKYatesYatesP,LAD,0,0,0.00,1,0,0,0,0,0,1.0,0,0,0,0,0,0,1,0.00,.000
DannyDYoungYoungP,NYM,0,0,9.00,1,0,0,0,0,0,1.0,1,1,1,0,1,0,1,1.00,.250
AngelAZerpaZerpaP,KC,0,0,0.00,2,0,0,0,0,0,2.0,0,0,0,0,0,0,1,0.00,.000
TylerTZuberZuberP,NYM,0,0,0.00,1,0,0,0,0,0,1.2,1,0,0,0,0,3,1,2.40,.200
TravisTAdamsAdamsP,MIN,0,1,36.00,1,0,0,0,0,0,1.0,5,4,4,0,0,1,0,6.00,.625
TyTAdcockAdcockP,NYM,0,1,40.50,1,1,0,0,0,0,0.2,3,5,3,0,0,3,0,9.00,.750
JoanJAdonAdonP,WSH,0,0,0.00,2,0,0,0,0,0,2.0,0,0,0,0,0,1,0,0.50,.000
ZachZAgnosAgnosP,COL,0,0,0.00,2,0,0,0,0,0,2.0,1,0,0,0,0,0,0,0.50,.143
MasonMAlbrightAlbrightP,COL,0,0,0.00,1,0,0,0,0,0,1.0,1,0,0,0,0,2,0,3.00,.250
DanDAltavillaAltavillaP,CWS,0,0,0.00,1,0,0,0,0,0,1.0,0,0,0,0,0,0,0,0.00,.000
JhosmerJAlvarezAlvarezP,AZ,0,0,0.00,1,0,0,0,0,0,1.0,0,0,0,0,0,0,0,0.00,.000
JustinJAndersonAndersonP,CWS,0,0,-.--,1,0,0,0,0,0,0.0,7,8,7,1,0,0,0,-.--,.875
ShaunSAndersonAndersonP,LAA,1,0,0.00,1,0,0,0,0,0,2.0,1,0,0,0,0,0,0,0.50,.167
SamSArmstrongArmstrongP,CHC,0,0,0.00,1,0,0,0,1,1,1.0,0,0,0,0,0,0,0,0.00,.000
ShawnSArmstrongArmstrongP,TEX,0,0,0.00,1,0,0,0,0,0,1.0,1,0,0,0,0,0,0,1.00,.250
KyleKBackhusBackhusP,AZ,0,0,0.00,1,0,0,0,0,0,1.0,0,0,0,0,0,0,0,0.00,.000
AnthonyABandaBandaP,LAD,0,0,0.00,1,0,0,0,0,0,1.0,1,0,0,0,0,1,0,2.00,.333
AlecABargerBargerP,COL,0,0,0.00,2,0,0,0,0,0,1.1,1,0,0,0,0,1,0,1.50,.200
JoeJBarlowBarlowP,TEX,0,0,0.00,1,0,0,0,0,0,1.0,0,0,0,0,1,1,0,1.00,.000
ZachZBarnesBarnesP,AZ,0,0,0.00,1,0,0,0,0,0,1.0,2,2,0,0,0,0,0,2.00,.333
CharlieCBeilensonBeilensonP,SEA,0,0,0.00,1,0,0,0,0,1,0.2,3,3,0,0,0,1,0,6.00,.600
RyanRBergertBergertP,SD,1,0,0.00,1,1,0,0,0,0,1.0,0,0,0,0,0,0,0,0.00,.000
ReidRBirlingmairBirlingmairP,TEX,0,0,13.50,1,0,0,0,0,0,0.2,1,1,1,0,0,1,0,3.00,.333
SpencerSBivensBivensP,SF,0,0,0.00,1,0,0,0,0,0,1.0,0,0,0,0,0,0,0,0.00,.000
JakeJBlossBlossP,TOR,0,0,10.80,1,0,0,0,0,0,1.2,2,2,2,0,0,1,0,1.80,.286
CodyCBoltonBoltonP,SEA,0,0,0.00,1,0,0,0,0,0,0.2,1,0,0,0,0,2,0,4.50,.333
BryceBBonninBonninP,TEX,0,0,0.00,1,0,0,0,0,0,0.1,0,0,0,0,0,0,0,0.00,.000
CamCBooserBooserP,CWS,0,0,0.00,1,0,0,0,0,0,1.0,1,0,0,0,0,0,0,1.00,.250
BenBBowdenBowdenP,ATH,0,0,18.00,2,0,0,0,0,0,1.0,2,2,2,0,0,1,0,3.00,.400
KalebKBowmanBowmanP,MIL,0,0,0.00,1,0,0,0,0,1,0.1,1,0,0,0,0,0,0,3.00,.500
RyanRBoyerBoyerP,TOR,0,0,0.00,1,0,0,0,0,0,0.1,0,0,0,0,0,0,0,0.00,.000
TajTBradleyBradleyP,TB,0,0,0.00,1,1,0,0,0,0,2.1,1,0,0,0,0,0,0,0.43,.125
JakeJBrentzBrentzP,TB,0,0,13.50,2,0,0,0,0,0,1.1,2,2,2,0,1,3,0,3.75,.333
ColtenCBrewerBrewerP,NYY,0,1,0.00,1,0,0,0,0,0,1.0,1,2,0,0,0,0,0,1.00,.200
JTJBrubakerBrubakerP,NYY,0,0,0.00,1,0,0,0,0,0,1.0,2,0,0,0,0,1,0,3.00,.500
TannerTBurnsBurnsP,CLE,0,0,0.00,1,0,0,0,0,0,1.0,0,0,0,0,0,0,0,0.00,.000
JosJButtButtP,NYM,0,0,0.00,1,0,0,0,0,0,1.0,0,0,0,0,0,0,0,0.00,.000
EdwardECabreraCabreraP,MIA,0,0,27.00,1,1,0,0,0,0,1.0,4,3,3,0,0,0,0,4.00,.571
YorlinYCalderonCalderonP,SEA,0,0,0.00,1,0,0,0,0,0,0.1,1,0,0,0,0,0,0,3.00,.500
BlasBCastanoCastanoP,SEA,0,0,9.00,1,0,0,0,0,0,1.0,1,1,1,0,0,1,0,2.00,.250
JosJCastilloCastilloP,AZ,0,0,0.00,1,0,0,0,0,0,0.1,1,1,0,0,1,0,0,3.00,.500
MiguelMCastroCastroP,HOU,0,0,9.00,1,0,0,0,0,0,1.0,2,1,1,0,0,0,0,2.00,.400
BradyBChobanChobanP,LAA,0,0,6.75,2,0,0,0,1,1,1.1,2,1,1,0,0,0,0,1.50,.400
MiguelMCienfuegosCienfuegosP,SD,0,0,0.00,1,0,0,0,0,0,0.1,0,0,0,0,1,0,0,0.00,.000
HarrisonHCohenCohenP,NYY,0,0,0.00,1,0,0,0,0,0,0.1,1,0,0,0,0,0,0,3.00,.500
LuisLContrerasContrerasP,HOU,0,0,0.00,1,0,0,0,0,0,1.0,0,0,0,0,0,0,0,0.00,.000
RoansyRContrerasContrerasP,BAL,0,0,0.00,1,0,0,0,0,0,1.0,0,0,0,0,0,0,0,0.00,.000
TomTCosgroveCosgroveP,SD,0,0,9.00,2,0,0,0,0,0,2.0,1,2,2,0,1,2,0,1.50,.167
ChaseCCostelloCostelloP,MIL,0,0,0.00,1,0,0,0,0,0,0.1,0,0,0,0,0,1,0,3.00,.000
DylanDCoveyCoveyP,ATL,0,0,0.00,1,0,0,0,0,0,1.0,0,0,0,0,0,0,0,0.00,.000
YovannyYCruzCruzP,BOS,0,0,27.00,1,0,0,0,0,1,1.0,4,3,3,0,0,0,0,4.00,.571
JohnJCurtissCurtissP,AZ,0,0,0.00,1,1,0,0,0,0,1.0,0,0,0,0,0,0,0,0.00,.000
HagenHDannerDannerP,SEA,0,0,0.00,1,0,0,0,0,0,1.0,0,0,0,0,0,1,0,1.00,.000
EnyelEDeLosSantosDeLosSantosP,ATL,0,0,0.00,1,0,0,0,0,0,1.0,0,0,0,0,0,0,0,0.00,.000
DylanDDoddDoddP,ATL,0,1,18.00,1,0,0,0,0,1,1.0,3,2,2,0,1,0,0,3.00,.500
TannerTDodsonDodsonP,ATH,0,0,0.00,1,0,0,0,0,0,1.0,0,0,0,0,0,0,0,0.00,.000
ScottSEffrossEffrossP,NYY,0,0,0.00,2,0,0,0,0,0,1.0,0,0,0,0,0,0,0,0.00,.000
FraserFEllardEllardP,CWS,0,0,0.00,1,0,0,0,0,0,1.0,0,0,0,0,0,0,0,0.00,.000
MasonMErlaErlaP,LAA,0,0,0.00,1,0,0,0,0,0,0.2,1,0,0,0,0,2,0,4.50,.500
LoganLEvansEvansP,SEA,0,0,27.00,1,1,0,0,0,0,1.1,5,4,4,0,0,0,0,3.75,.625
AlexAFaedoFaedoP,TB,0,0,0.00,1,0,0,0,0,0,1.0,2,0,0,0,0,0,0,2.00,.500
CalvinCFaucherFaucherP,MIA,0,0,0.00,1,0,0,0,0,0,1.0,0,0,0,0,0,0,0,0.00,.000
ErickEFeddeFeddeP,STL,0,0,0.00,1,1,0,0,0,0,1.0,2,0,0,0,0,0,0,2.00,.500
NeftalNFelizFelizP,SEA,0,0,18.00,1,0,0,0,0,1,1.0,3,2,2,0,0,0,0,3.00,.500
MattMFestaFestaP,TEX,0,0,27.00,1,0,0,0,0,0,1.0,3,3,3,2,0,0,0,3.00,.500
JoshJFlemingFlemingP,SEA,0,0,0.00,1,0,0,0,0,0,1.0,1,0,0,0,0,0,0,1.00,.250
BowdenBFrancisFrancisP,TOR,0,0,4.50,1,0,0,0,0,0,2.0,1,1,1,1,0,0,0,0.50,.143
NickNFrazeFrazeP,TOR,0,0,0.00,1,0,0,0,0,0,0.1,0,0,0,0,0,0,0,0.00,.000
CarsonCFulmerFulmerP,PIT,0,0,0.00,1,0,0,0,0,0,1.0,0,0,0,0,0,0,0,0.00,.000
BrandynBGarciaGarciaP,SEA,0,0,0.00,1,0,0,0,0,0,1.0,1,0,0,0,0,0,0,1.00,.250
SamSGarciaGarciaP,MIL,0,0,0.00,1,0,0,0,0,0,1.0,1,0,0,0,0,1,0,2.00,.250
YimiYGarcaGarcaP,TOR,1,0,0.00,1,0,0,0,0,0,1.0,0,0,0,0,0,0,0,0.00,.000
CesarCGomezGomezP,HOU,0,0,9.00,1,0,0,0,0,0,1.0,1,1,1,1,0,0,0,1.00,.250
MichaelMGomezGomezP,STL,0,0,0.00,1,0,0,0,0,0,1.0,1,0,0,0,0,1,0,2.00,.250
AustinAGordonGordonP,LAA,0,0,135.00,1,0,0,0,0,0,0.1,2,5,5,0,0,3,0,15.00,.667
ChadCGreenGreenP,TOR,0,0,0.00,1,0,0,0,0,0,1.0,0,0,0,0,0,1,0,1.00,.000
MarquisMGrissomJrGrissomJrP,WSH,0,0,0.00,1,0,0,0,1,1,1.0,0,0,0,0,1,0,0,0.00,.000
SeanSGuentherGuentherP,DET,0,0,0.00,1,0,0,0,0,0,1.0,1,1,0,0,0,1,0,2.00,.250
YoendrysYGmezGmezP,NYY,0,0,0.00,1,0,0,0,0,0,1.0,0,0,0,0,0,0,0,0.00,.000
BrenanBHanifeeHanifeeP,DET,0,0,0.00,1,0,0,0,0,0,1.0,1,0,0,0,0,1,0,2.00,.333
HunterHHarveyHarveyP,KC,0,0,0.00,1,0,0,0,0,0,1.0,1,0,0,0,0,0,0,1.00,.250
DakotaDHawkinsHawkinsP,NYM,0,0,0.00,1,0,0,0,0,0,0.1,0,0,0,0,0,0,0,0.00,.000
RyanRHelsleyHelsleyP,STL,0,0,18.00,1,0,0,0,0,0,1.0,3,2,2,0,0,0,0,3.00,.500
EdgardoEHenriquezHenriquezP,LAD,0,0,108.00,1,0,0,0,0,0,0.1,1,4,4,0,0,3,0,12.00,.500
DaysbelDHernndezHernndezP,ATL,0,0,18.00,1,0,0,0,0,0,1.0,3,2,2,0,0,1,0,4.00,.500
EduardoEHerreraHerreraP,NYM,0,0,9.00,1,0,0,0,0,0,1.0,1,1,1,0,0,1,0,2.00,.250
MasonMHickmanHickmanP,CLE,0,0,4.50,2,0,0,0,0,0,2.0,2,1,1,1,0,0,0,1.00,.286
JadenKHillHillP,COL,0,1,54.00,1,0,0,0,0,0,0.2,0,4,4,0,2,2,0,3.00,.000
CarsonCHobbsHobbsP,LAD,0,1,0.00,1,0,0,0,0,1,0.2,4,4,0,0,0,1,0,7.50,.667
ColinCHoldermanHoldermanP,PIT,0,1,9.00,1,0,0,0,0,0,1.0,2,1,1,0,0,0,0,2.00,.400
GrantGHolmanHolmanP,ATH,0,0,0.00,1,0,0,0,0,0,1.0,2,0,0,0,0,0,0,2.00,.500
BaileyBHornHornP,STL,0,0,27.00,2,0,0,0,0,0,1.1,3,4,4,0,1,3,0,4.50,.429
JackJHostetlerHostetlerP,MIL,0,0,0.00,1,0,0,0,0,0,1.0,0,0,0,0,0,0,0,0.00,.000
GabrielGHughesHughesP,COL,0,0,0.00,1,1,0,0,0,0,2.0,0,0,0,0,0,1,0,0.50,.000
NickNHullHullP,CHC,0,0,0.00,1,0,0,0,0,0,0.1,0,0,0,0,0,0,0,0.00,.000
KCKHuntHuntP,MIL,0,1,18.00,1,0,0,0,0,1,1.0,1,2,2,1,0,1,0,2.00,.250
JakeJIrvinIrvinP,WSH,0,0,0.00,1,1,0,0,0,0,1.0,0,0,0,0,0,0,0,0.00,.000
ZachZJacobsJacobsP,CLE,0,0,0.00,1,0,0,0,0,1,0.2,1,0,0,0,0,1,0,3.00,.500
WilWJensenJensenP,CHC,0,0,0.00,1,0,0,0,0,0,0.1,0,0,0,0,0,0,0,0.00,.000
BrandonBJohnsonJohnsonP,KC,0,0,27.00,1,0,0,0,0,1,0.2,1,2,2,1,0,2,0,4.50,.333
ChandlerCJozwiakJozwiakP,MIA,0,0,0.00,1,0,0,0,0,0,0.1,0,0,0,0,0,0,0,0.00,.000
DanielDJuarezJuarezP,NYM,0,0,0.00,1,0,0,0,0,0,0.1,0,0,0,0,0,0,0,0.00,.000
ChrisCKachmarKachmarP,CHC,0,0,0.00,1,0,0,0,0,0,1.0,0,0,0,0,0,0,0,0.00,.000
RobRKaminskyKaminskyP,STL,0,0,13.50,1,0,0,0,0,0,0.2,1,1,1,0,0,0,0,1.50,.333
KarlKKauffmannKauffmannP,COL,0,0,18.00,1,0,0,0,0,0,1.0,3,2,2,0,0,1,0,4.00,.600
ZackZKellyKellyP,BOS,0,0,0.00,1,0,0,0,0,0,1.0,0,0,0,0,0,0,0,0.00,.000
JohnJKingKingP,STL,0,0,0.00,1,0,0,0,0,0,1.0,0,0,0,0,0,0,0,0.00,.000
JustinJKingKingP,MIA,0,0,81.00,1,0,0,0,0,0,0.2,4,6,6,1,0,3,0,10.50,.667
JimmyJKingsburyKingsburyP,SEA,0,0,0.00,2,0,0,0,0,0,0.2,0,0,0,0,0,0,0,0.00,.000
GeorgeGKlassenKlassenP,LAA,0,0,0.00,1,0,0,0,0,0,1.0,2,0,0,0,0,0,0,2.00,.500
LandonLKnackKnackP,LAD,0,0,9.00,1,0,0,0,0,0,1.0,1,1,1,0,1,0,0,1.00,.250
AntonioAKnowlesKnowlesP,LAD,0,0,0.00,1,0,0,0,0,0,1.0,0,0,0,0,0,0,0,0.00,.000
KevinKKoppsKoppsP,SD,0,0,0.00,1,0,0,0,0,0,0.1,0,0,0,0,0,0,0,0.00,.000
JoeyJKrehbielKrehbielP,TB,0,1,13.50,2,1,0,0,0,0,1.1,2,2,2,0,0,1,0,2.25,.333
JustinJLawrenceLawrenceP,COL,0,0,0.00,1,0,0,0,0,0,1.0,1,0,0,0,0,0,0,1.00,.250
BrandonBLeibrandtLeibrandtP,NYY,0,0,3.00,1,0,0,0,0,0,3.0,2,1,1,1,0,0,0,0.67,.182
ZacZLeighLeighP,CHC,1,0,0.00,2,0,0,0,0,0,1.0,0,0,0,0,0,0,0,0.00,.000
BradBLordLordP,WSH,0,0,4.50,1,0,0,0,0,0,2.0,3,1,1,0,0,0,0,1.50,.375
JoeyJLucchesiLucchesiP,SF,0,0,0.00,1,0,0,0,0,0,1.0,0,0,0,0,0,0,0,0.00,.000
JoeJMantiplyMantiplyP,AZ,0,0,0.00,1,1,0,0,0,0,1.0,0,0,0,0,0,1,0,1.00,.000
RonRMarinaccioMarinaccioP,SD,0,0,0.00,2,0,0,0,0,0,2.0,1,0,0,0,0,0,0,0.50,.167
CorbinCoMartinMartinP,BAL,0,1,18.00,1,0,0,0,0,0,1.0,3,2,2,1,0,0,0,3.00,.500
RodolfoRMartinezMartinezP,BAL,0,0,9.00,1,0,0,0,0,0,1.0,1,1,1,1,0,1,0,2.00,.250
YukiYMatsuiMatsuiP,SD,0,0,4.50,2,0,0,0,0,0,2.0,1,1,1,1,0,1,0,1.00,.167
StevenSMatzMatzP,STL,0,0,0.00,1,1,0,0,0,0,2.0,0,0,0,0,0,1,0,0.50,.000
TylerTMatzekMatzekP,NYY,0,0,0.00,1,0,0,0,0,0,1.0,0,0,0,0,0,0,0,0.00,.000
GunnerGMayerMayerP,PHI,0,0,0.00,1,0,0,0,0,0,0.1,0,0,0,0,0,0,0,0.00,.000
AdamAMazurMazurP,MIA,0,0,0.00,1,0,0,0,0,0,1.0,0,0,0,0,0,0,0,0.00,.000
ZachZMcCambleyMcCambleyP,MIA,0,0,0.00,2,0,0,0,0,0,0.2,2,0,0,0,0,1,0,4.50,.500
EastonEMcGeeMcGeeP,MIL,0,0,0.00,1,0,0,0,0,0,1.0,0,0,0,0,0,0,0,0.00,.000
TreyTMcGoughMcGoughP,CWS,0,1,27.00,1,0,0,0,0,1,1.0,3,3,3,1,0,2,0,5.00,.600
JakeJMcSteenMcSteenP,ATL,0,0,0.00,1,0,0,0,0,0,0.1,0,0,0,0,0,1,0,3.00,.000
SamSMcWilliamsMcWilliamsP,MIL,0,0,0.00,1,0,0,0,0,0,1.0,0,0,0,0,0,0,0,0.00,.000
JacobJMeadorMeadorP,LAD,0,0,0.00,1,0,0,0,0,0,1.0,0,0,0,0,0,3,0,3.00,.000
MichaelMMercadoMercadoP,PHI,0,0,9.00,1,0,0,0,0,1,1.0,3,2,1,0,0,0,0,3.00,.500
NickNMikolajchakMikolajchakP,CLE,0,0,0.00,2,0,0,0,0,0,1.0,1,0,0,0,0,0,0,1.00,.250
MilesMMikolasMikolasP,STL,0,0,0.00,1,1,0,0,0,0,2.0,2,0,0,0,0,1,0,1.50,.286
BobbyBMillerMillerP,LAD,0,0,-.--,1,0,0,0,0,0,0.0,1,2,2,0,0,1,0,-.--,1.000
RyanRMillerMillerP,DET,0,1,-.--,1,0,0,0,0,1,0.0,2,4,4,1,0,2,0,-.--,1.000
AnthonyAMolinaMolinaP,COL,0,0,27.00,1,0,0,0,0,0,1.0,4,3,3,0,0,0,0,4.00,.571
KeiderKMonteroMonteroP,DET,0,0,0.00,1,0,0,0,0,0,1.0,2,0,0,0,0,0,0,2.00,.500
ChristianCMontesDeOcaMontesDeOcaP,AZ,0,0,0.00,1,0,0,0,0,0,1.0,0,0,0,0,0,2,0,2.00,.000
MasonMMontgomeryMontgomeryP,TB,0,0,0.00,1,0,0,0,0,0,1.0,0,0,0,0,0,0,0,0.00,.000
WesleyWMooreMooreP,PHI,0,1,27.00,1,0,0,0,0,0,0.1,2,1,1,0,0,1,0,9.00,.667
ZaneZMorehouseMorehouseP,CLE,0,0,0.00,1,0,0,0,0,0,0.1,0,0,0,0,0,2,0,6.00,.000
LuisLMorenoMorenoP,NYM,0,0,20.25,1,0,0,0,0,0,1.1,3,3,3,0,0,2,0,3.75,.429
AlfredAMorilloMorilloP,AZ,0,0,0.00,1,0,0,0,0,0,1.0,1,0,0,0,0,1,0,2.00,.333
CharlieCMortonMortonP,BAL,0,0,0.00,1,1,0,0,0,0,1.0,2,0,0,0,0,0,0,2.00,.400
OddanierOMosquedaMosquedaP,STL,0,0,0.00,1,0,0,0,0,0,0.1,0,0,0,0,0,0,0,0.00,.000
RolddyRMunozMunozP,ATL,0,0,0.00,1,0,0,0,0,0,1.0,0,0,0,0,0,0,0,0.00,.000
LukeLMurphyMurphyP,LAA,0,0,0.00,1,0,0,0,0,0,0.1,0,0,0,0,0,0,0,0.00,.000
TylerTMyrickMyrickP,SF,0,0,0.00,1,0,0,0,0,0,0.1,0,0,0,0,0,0,0,0.00,.000
TimTNaughtonNaughtonP,DET,0,0,0.00,1,0,0,0,0,0,0.1,1,0,0,0,0,1,0,6.00,.500
TysonTNeighborsNeighborsP,SD,0,0,0.00,1,0,0,0,0,0,0.1,1,0,0,0,0,0,0,3.00,.500
ShinnosukeSOgasawaraOgasawaraP,WSH,1,0,0.00,1,1,0,0,0,0,1.0,1,0,0,0,0,0,0,1.00,.250
PeytonPPallettePalletteP,CWS,0,0,0.00,1,0,0,0,0,0,1.0,0,0,0,0,0,0,0,0.00,.000
ColeCPaplhamPaplhamP,SD,0,0,54.00,1,0,0,0,0,0,0.1,2,2,2,0,1,0,0,6.00,.667
EricEPardinhoPardinhoP,TOR,0,0,40.50,1,0,0,0,0,0,0.2,3,3,3,1,0,1,0,6.00,.600
EnoliEParedesParedesP,ATL,1,0,9.00,1,0,0,0,0,1,1.0,3,1,1,0,1,0,0,3.00,.600
NateNPearsonPearsonP,CHC,0,0,0.00,1,0,0,0,0,0,1.0,0,0,0,0,0,0,0,0.00,.000
CarlosCPenaPenaP,DET,0,0,0.00,1,0,0,0,0,0,1.0,0,0,0,0,0,0,0,0.00,.000
KonnorKPilkingtonPilkingtonP,WSH,0,0,0.00,1,0,0,0,0,0,1.0,2,0,0,0,0,0,0,2.00,.500
PJPPoulinPoulinP,DET,0,0,0.00,1,0,0,0,0,0,0.1,0,0,0,0,0,0,0,0.00,.000
QuinnQPriesterPriesterP,BOS,0,0,4.50,1,1,0,0,0,0,2.0,2,1,1,1,0,1,0,1.50,.286
CionelCPrezPrezP,BAL,0,0,9.00,1,0,0,0,0,0,1.0,2,1,1,0,0,0,0,2.00,.400
StefanSRaethRaethP,SEA,0,0,0.00,1,0,0,0,0,0,0.2,1,0,0,0,0,1,0,3.00,.333
WilkinWRamosRamosP,PIT,0,0,0.00,1,0,0,0,0,0,1.0,0,0,0,0,0,0,0,0.00,.000
LivanLReinosoReinosoP,LAD,0,0,13.50,1,0,0,0,0,1,0.2,1,1,1,0,0,2,0,4.50,.500
YaquiYRiveraRiveraP,BAL,0,0,0.00,1,0,0,0,0,0,0.1,0,0,0,0,0,0,0,0.00,.000
SemSRobberseRobberseP,STL,0,1,94.50,1,0,0,0,0,1,0.2,9,9,7,2,1,0,0,13.50,.750
DomingoDRoblesRoblesP,ATH,0,0,18.00,1,0,0,0,0,0,1.0,1,2,2,1,0,2,0,3.00,.333
ChrisCRodriguezRodriguezP,CWS,0,0,135.00,1,0,0,0,0,0,0.1,3,5,5,1,1,2,0,15.00,.750
EthanERoutzahnRoutzahnP,SD,0,0,0.00,1,0,0,0,0,0,1.0,1,0,0,0,0,1,0,2.00,.250
ChrisCRoycroftRoycroftP,STL,0,0,0.00,1,0,0,0,0,0,1.0,0,0,0,0,0,0,0,0.00,.000
EduardoESalazarSalazarP,WSH,0,0,0.00,1,0,0,0,0,0,1.0,0,0,0,0,0,0,0,0.00,.000
ChrisCSaleSaleP,ATL,0,0,0.00,1,1,0,0,0,0,2.0,0,0,0,0,0,0,0,0.00,.000
DennisDSantanaSantanaP,PIT,0,0,0.00,1,0,0,0,0,0,1.0,0,0,0,0,0,0,0,0.00,.000
TylerTSantanaSantanaP,CHC,0,0,0.00,1,0,0,0,0,0,1.0,1,0,0,0,0,0,0,1.00,.333
AlexASantosIISantosP,HOU,0,0,0.00,1,0,0,0,0,0,1.0,1,0,0,0,0,1,0,2.00,.250
WinstonWSantosSantosP,TEX,0,0,0.00,1,0,0,0,0,0,0.2,0,0,0,0,0,1,0,1.50,.000
MattMSauerSauerP,LAD,0,0,3.00,2,0,0,0,0,0,3.0,2,1,1,0,0,0,0,0.67,.200
TaylerTayScottScottP,HOU,1,0,0.00,1,0,0,0,0,0,1.0,1,0,0,0,1,0,0,1.00,.250
HaydenHSeigSeigP,LAA,0,0,0.00,1,0,0,0,0,0,0.1,0,0,0,0,0,0,0,0.00,.000
FlorencioFSerranoSerranoP,TEX,0,0,0.00,1,0,0,0,0,0,0.1,1,0,0,0,0,0,0,3.00,.500
EvanEShawverShawverP,COL,0,0,0.00,1,0,0,0,0,0,0.1,0,0,0,0,0,1,0,3.00,.000
ChaseCShugartShugartP,PIT,0,0,0.00,1,0,0,0,0,0,1.0,2,0,0,0,0,0,0,2.00,.400
BenBSimonSimonP,NYM,0,0,9.00,1,0,0,0,0,0,1.0,3,1,1,0,0,0,0,3.00,.600
RobbyRSnellingSnellingP,MIA,0,0,0.00,1,0,0,0,0,0,1.0,0,0,0,0,0,0,0,0.00,.000
BennettBSousaSousaP,HOU,0,0,0.00,1,0,0,0,0,0,1.0,1,0,0,0,0,1,0,2.00,.250
JaredJSouthardSouthardP,LAA,0,0,0.00,1,0,0,0,0,0,0.2,0,0,0,0,0,0,0,0.00,.000
AlexASpeasSpeasP,MIN,1,0,0.00,1,0,0,0,0,0,1.0,0,0,0,0,0,0,0,0.00,.000
CodyCStashakStashakP,PHI,0,0,9.00,1,0,0,0,0,0,1.0,3,1,1,0,0,0,0,3.00,.600
JoanderJSuarezSuarezP,NYM,0,1,18.00,1,0,0,0,0,0,1.0,2,2,2,0,0,1,0,3.00,.500
WanderWSueroSueroP,ATL,0,0,0.00,1,0,0,0,0,0,1.0,0,0,0,0,1,0,0,0.00,.000
ColeCSulserSulserP,TB,0,0,0.00,1,0,0,0,0,0,1.0,0,0,0,0,0,0,0,0.00,.000
AlbertASurezSurezP,BAL,0,0,10.80,1,1,0,0,0,0,1.2,3,2,2,0,0,2,0,3.00,.375
MattMSvansonSvansonP,STL,0,1,18.00,1,0,0,0,0,1,1.0,4,2,2,0,0,1,0,5.00,.667
DevinDSweetSweetP,PHI,0,0,0.00,1,0,0,0,0,0,0.2,0,0,0,0,0,0,0,0.00,.000
EmilianoETeodoTeodoP,TEX,0,0,0.00,1,0,0,0,0,0,1.0,1,0,0,0,0,1,0,2.00,.333
KeeganKThompsonThompsonP,CHC,0,0,9.00,1,0,0,0,0,0,1.0,1,1,1,1,0,0,0,1.00,.250
ZackZThompsonThompsonP,STL,0,0,0.00,1,0,0,0,0,0,1.0,0,0,0,0,0,1,0,1.00,.000
TrentTThorntonThorntonP,SEA,0,0,0.00,1,0,0,0,0,0,1.0,0,0,0,0,0,0,0,0.00,.000
LennyLTorresJrTorresP,CIN,0,0,0.00,1,0,0,0,0,0,1.0,1,0,0,0,0,0,0,1.00,.333
ChristopherCTroyeTroyeP,BOS,0,0,0.00,1,0,0,0,0,0,0.1,0,0,0,0,0,0,0,0.00,.000
DaurisDValdezValdezP,SEA,0,0,54.00,1,0,0,0,0,0,0.1,1,2,2,0,0,2,0,9.00,.500
LoganLVanWeyVanWeyP,HOU,0,0,0.00,1,0,0,0,0,0,1.2,2,0,0,0,0,1,0,1.80,.286
MikeMVasilVasilP,TB,0,0,18.00,1,0,0,0,0,0,1.0,2,2,2,1,0,0,0,2.00,.400
VictorVVodnikVodnikP,COL,0,0,9.00,1,0,0,0,0,0,1.0,2,1,1,0,0,0,0,2.00,.400
BrandonBWaddellWaddellP,NYM,0,0,0.00,1,1,0,0,0,0,1.1,2,2,0,0,1,1,0,2.25,.286
JacobJWaguespackWaguespackP,TB,0,0,9.00,1,1,0,0,0,0,1.0,1,1,1,0,1,1,0,2.00,.250
ColeCWaitesWaitesP,SF,0,1,10.80,2,0,0,0,0,0,1.2,2,2,2,0,1,1,0,1.80,.286
HurstonHWaldrepWaldrepP,ATL,0,0,0.00,1,0,0,0,0,0,1.0,0,0,0,0,0,1,0,1.00,.000
BeckBWayWayP,KC,1,0,0.00,1,0,0,0,0,0,1.0,1,0,0,0,0,2,0,3.00,.333
ChandlerCWelchWelchP,MIL,0,0,0.00,1,0,0,0,0,0,1.0,1,0,0,0,0,1,0,2.00,.333
JoeyJWentzWentzP,PIT,0,0,0.00,1,0,0,0,0,0,1.0,0,0,0,0,0,1,0,1.00,.000
CarsonCWhisenhuntWhisenhuntP,SF,0,0,0.00,1,0,0,0,0,0,1.0,0,0,0,0,0,0,0,0.00,.000
JakeJWoodfordWoodfordP,COL,0,0,0.00,1,1,0,0,0,0,2.0,1,0,0,0,0,0,0,0.50,.167
LoganLWorkmanWorkmanP,TB,0,0,0.00,1,0,0,0,0,0,1.0,1,0,0,0,0,0,0,1.00,.200
AlfredoAZarragaZarragaP,TB,0,0,0.00,2,0,0,0,0,0,1.1,2,0,0,0,0,1,0,2.25,.400
